cancion,nombre_artistico,tiempo,genero,fecha_entrada,fecha_punto_maximo,pos_entrada,mejor_pos,peor_pos,sem_pos,sin_pos,pos_salida,prom_pos,num_canciones
ta da,lil' mo,4:17,rap,2000-08-12,2000-09-16,100,95,100,7,0,99,98,1
dancing queen,a*teens,3:44,pop,2000-07-08,2000-07-29,97,95,100,5,0,100,97,1
where i wanna be,shade sheist,4:16,rap,2000-11-11,2000-11-18,96,95,100,5,0,100,97,1
all good?,de la soul,5:02,rap,2000-12-23,2000-12-23,96,96,100,3,0,100,97,1
get up,amel larrieux,4:02,r&b,2000-03-04,2000-03-11,100,97,100,3,0,97,98,1
spanish guitar,toni braxton,4:24,rock,2000-12-02,2000-12-02,98,98,98,3,0,98,98,3
i know,tuesday,4:06,rock,2000-12-30,2000-12-30,98,98,98,2,0,98,98,1
imagine that,ll cool j,4:00,rap,2000-08-12,2000-08-19,99,98,99,2,0,98,98,1
souljas,master p,3:33,rap,2000-11-18,2000-11-18,98,98,98,1,0,98,98,1
cherchez laghost,ghostface killah,3:04,r&b,2000-08-05,2000-08-05,98,98,98,1,0,98,98,1
freakin' it,will smith,3:58,rap,2000-02-12,2000-02-12,99,99,99,4,0,99,99,1
kernkraft 400,zombie nation,3:30,rock,2000-09-02,2000-09-02,99,99,99,2,0,99,99,1
got beef,the eastsidaz,3:58,rap,2000-07-01,2000-07-01,99,99,99,2,0,99,99,2
toca's miracle,fragma,3:22,r&b,2000-10-28,2000-10-28,99,99,99,1,0,99,99,1
