cancion,nombre_artistico,tiempo,genero,fecha_entrada,fecha_punto_maximo,pos_entrada,mejor_pos,peor_pos,sem_pos,sin_pos,pos_salida,prom_pos,num_canciones
independent women part i,destiny's child,3:38,rock,2000-09-23,2000-11-18,78,1,78,28,0,31,14,3
"maria, maria",santana,4:18,rock,2000-02-12,2000-04-08,15,1,48,26,0,47,10,1
i knew i loved you,savage garden,4:07,rock,1999-10-23,2000-01-29,71,1,71,33,0,47,17,2
say my name,destiny's child,4:31,rock,1999-12-25,2000-03-18,83,1,83,32,0,47,20,3
incomplete,sisqo,3:52,rock,2000-06-24,2000-08-12,77,1,77,26,0,46,24,3
amazed,lonestar,4:25,country,1999-06-05,2000-03-04,81,1,81,55,55,50,26,3
everything you want,vertical horizon,4:01,rock,2000-01-22,2000-07-15,70,1,70,41,0,50,21,2
with arms wide open,creed,3:52,rock,2000-05-13,2000-11-11,84,1,86,47,0,41,33,2
try again,aaliyah,4:03,rock,2000-03-18,2000-06-17,59,1,59,32,0,43,16,2
bent,matchbox twenty,4:12,rock,2000-04-29,2000-07-22,60,1,60,39,0,48,18,1
you sang to me,marc anthony,3:50,latin,2000-02-26,2000-06-03,77,2,77,32,0,44,23,2
he wasn't man enough,toni braxton,4:21,rock,2000-03-18,2000-05-06,63,2,63,37,0,48,21,3
he loves u not,dream,3:43,rock,2000-09-30,2000-12-30,99,2,99,28,0,46,26,1
case of the ex (whatcha gonna do),mya,3:50,rock,2000-08-19,2000-12-02,72,2,72,30,0,35,19,2
breathe,faith hill,4:04,rap,1999-11-06,2000-04-22,81,2,81,53,0,47,23,2
jumpin' jumpin',destiny's child,3:48,rock,2000-05-13,2000-08-19,74,3,74,32,0,39,22,3
kryptonite,3 doors down,3:53,rock,2000-04-08,2000-11-11,81,3,81,53,0,49,26,2
thong song,sisqo,4:05,rock,2000-01-29,2000-05-20,74,3,74,28,0,46,19,3
my love is your love,whitney houston,4:16,rock,1999-09-04,2000-01-08,81,4,81,28,0,49,17,4
i wanna know,joe,4:57,rock,2000-01-01,2000-07-01,94,4,94,44,0,45,21,2
get it on tonite,montell jordan,4:34,rap,1999-10-23,2000-02-12,92,4,92,32,0,42,28,1
most girls,pink,4:06,rock,2000-08-12,2000-11-25,85,4,85,27,0,46,21,2
bring it all to me,blaque,3:46,pop,1999-10-23,2000-01-22,73,5,73,29,0,42,21,1
i try,macy gray,3:52,rock,2000-02-19,2000-05-20,68,5,68,27,0,46,21,1
this i promise you,n'sync,4:23,rock,2000-09-30,2000-12-02,68,5,68,26,0,49,19,3
no more,ruff endz,3:56,rock,2000-07-01,2000-09-02,76,5,76,26,0,38,19,1
