,created_time,id,message,story
0,2018-06-15T12:20:44+0000,109962602383378_1739744112738544,"les escribo como vecino del Barrio Simón Bolívar. Una nueva empresa, Macchi, se ocupa del espacio verde que tenemos. Acabo de hablar con ella y me contestó de malos modos. Están haciendo un ruido insoportable, contaminante, justamente para cuidar un espacio verde. Comienzan antes de las 8, algo que está prohibido. No pueden hacer semejante escándalo para juntar hojas. Es claramente un negociado que no tiene sentido ecológico ni atiende a los vecinos. Hay muchas disposiciones que prohiben, aquí y en el mundo, las máquinas sopladoras que estos empresarios obligan a usar a sus empleados. Quedo a la espera de una respuesta. Muchas gracias.",
1,2018-06-14T16:50:29+0000,109962602383378_1738663509513271,"Hoy tenemos clases de teatro, cobramos por clase. Venite!",
2,2018-06-11T13:48:48+0000,109962602383378_1734744909905131,HOLA . SIGUE EL CAOS EN AV.RIVADAVIA Y NAZCA . CUANDO VOLVERAN LOS CONTROLES PARA EL SEMAFORO . LOS PEATONES SUFRIMOS PARA CRUZAR COMO CORRESPONDE !,
3,2018-06-08T17:36:11+0000,109962602383378_1731712666875022,"Taller de teatro, en fermin espacio cultural. Todos los jueves de 18 a 19:20hs. Cobramos por clase, estamos en culpina 75.  Venite!",
4,2018-06-04T23:11:42+0000,109962602383378_1728032543909701,"Buenas Tardes, realice dos solicitudes para recolección de residuos de poda de jardinería domiciliaria. Me indican por mail que la solicitud fue resuelta y los residuos siguen en la puerta del domicilio. Los números de solicitudes son: 00654453/18
00656904/18. Podrán asistirme para concluir efectivamente con la gestión iniciada. Muchas gracias",
5,2018-06-01T21:10:49+0000,109962602383378_1724965807549708,"Laura Pereyra
11 min · 
Ayer les conté una series de trámites que realice en la comuna 7 y sub comuna en la calle E.Mitre, el no 147 denuncia número 648959/18, levantar animal muerto vía pública.-
DIA 2 Esta mañana mientra desayunabamos Hector Lopez ve por la ventana al barrendero y un auto en el lugar del cadáver mostrado ayer, y dá por sentado que lo sacaron, es más me dice YA ESTA.! eL TRABAJADOR Y AUTOMOVILISTA HABLARON Y RIERON un buen rato.- Abro mi compu, y a las 8,30 am el Gobierno de la CIUDAD , me había mandado correo preguntando como esta de satisfecha, con unas caritas con los mohines que conocemos en emoticones.- yo respondí satisfecho.- Tomando lo que mi compañero había dilucidado.-
Mediodía salgo y me encuentro con el CADAVER DE RATA, PERO LIMPITA, había barrido las hojas de ayer!!! 
No solo estoy ante una tomada de pelo que ya reiteré denuncia no 653201/18. Además veo un perfil PSICOTICO en el barrendero, ayer no quiso levantar, me dijo que el es un ser humano, que tienen pestes.- Hoy la limpia, charla a su lado varios minutos.- Me jode hablar de un trabajador, pero esto es lo que pasa.-
Ayer me comi burlas... no me importa.-
Si sos indiferente a las plagas en ciudad, si tenes hijos, mascotas, o simplemente te jode pagar impuestos, que vivan haciendo propaganda de HACIENDO BUENOS AIRES! GASTANDO Y NO SOLUCIONAN UNA.-
AQUI LA FOTO 1 ES DE HOY LIMPITA FOTO 2 LA DE AYER CON LAS HOJAS GRANDES QUE HOY BARRIO",
6,2018-06-01T21:09:24+0000,109962602383378_1724964987549790,"Laura Pereyra
Ayer a las 15:33 · 
Salgo esta mañana y casi piso una rata muerta en la calle antes de subir auto. Estaba el sr. de limpieza de la empresa que contrata el Gob.CABA. Me acerco lo saludo, - buenos días Sr, supongo que Ud no vió porque ya paso pero hay un... no me dejo terminar; SI LO VI, PERO SOY UN SER HUMANO! Sr. yo no le pido que lo tome con las manos tiene elementos. Responde UD SABE LAS PESTES QUE TIENEN ESOS BICHOS! a mi no me corresponde.- Me fui al médico, regrese saque fotos al bicho muerto, me fui a la sede de la comuna 7 Parque Chacabuco, me atendió sra. muy atenta, pero ahí no hay nada.- Me dice que me vaya urgente a la comuna 7 de Rivadavia y Culpina piso 4to que ahí están los comuneros, para ahorrar tiempo.- Así con este hermoso día me fui, me atendió una sra muy atenta Laura, se llama, toma mis datos, mi te mi dirección.- Le digo que no es en mi puerta, es en el garage de la casa lindera. Bueno vaya a su casa y llameme pase el No. Regrese tome no. llamé y me dice que tome nota de este número que es para desratizar la cuadra. Pregunto yo -- perdón y el bicho muerto? --lo tenía que levantar barrendero ya avisé!. 
Me perdí dos horas de mi vida, viaje gasté, me mojé, y el bicho seguirá ahí, con el peligro que los vecinos salgan con sus mascotas .- Yo quería que me dijeran donde conseguir control plagas, y NADA.- 
PERDON POR LA FOTO PERO QUIERO DOCUMENTAR",
7,2018-05-24T12:47:22+0000,109962602383378_1716925188353770,Sres comuna 7 vivo en el denominado barrio SIMON BOLIVAR (avenida eva peron / curapaligue / baldomero fernandez moreno / davila) Tenemos el privilegio de contar con un parque interno donde he disfrutado de niña de sus instalaciones de juego . HOy su estado es LAMENTABLE sus lajas absolutamente rotas por arboles como palo borracho / araucarias / ombu y otras especies que con sus raices han destruido los senderos y que por SER MUNICIPAL no puede ser modificado por los vecinos.. EL PROBLEMA ES QUE NI LA MUNICIPALIDAD se ocupa del tema y hoy quienes ya somos grandes y aun los niños no podemos disfrutar de tan hermoso espacio PESE A LAS INNUMERABLES ENCUESTAS DE OPINION A LAS QUE SOMOS SOMETIDOS PARA SABER QUE HACER CON LOS FONDOS QUE USTEDES DISPONEN O LAS PROPUESTAS QUE OFRECEMOS...cuando nos daran una respuesta concreta CON HECHOS y no simplemente con promesas ... por ejemplo hacer alrededor del predio de juegos una pista para hacer caminatas ... instalar elementos para ejercicio ... juegos inclusivos para niños con capacidades especiales ... asientos que permitan un descanso y disfrute del sol .. ORDENAR LA ARBOLEDA impidiendo que siga rompiendo veredas y con gran riesgo para los transeuntes.,
8,2018-05-24T01:03:54+0000,109962602383378_1716481431731479,,Sebastian Matias Cuccarese added a new photo to Comuna 7 de Buenos Aires's timeline.
9,2018-05-24T01:03:42+0000,109962602383378_1716481318398157,,Sebastian Matias Cuccarese added a new photo to Comuna 7 de Buenos Aires's timeline.
10,2018-05-24T01:03:22+0000,109962602383378_1716481125064843,"Gracias comuna 7! Por mantener siempre en el olvido a flores sud!! Xq flores es en la avenida Rivadavia nada más!! Mientras la esquina de Mariano Acosta y Velázquez sigue llena de escombros y el boulevard sin mantenimiento, no hace falta que mencione la zona liberada del barrio? Cierto que ahora hay policía, pero están de día.. los invito una noche a la zona para que conozcan la falta de autoridad!! Gracias y espero pronta respuesta y atención!!!",
11,2018-05-02T03:27:37+0000,109962602383378_1695631140483175,"Haber si desde la comuna se puede colaborar para que la gente recupere la luz, Rivadavia, Bolivia etc!!!",
12,2018-04-27T17:59:32+0000,109962602383378_1691346424244980,Sr Peña: como resultado de su gestión queda un barrio de Flores SIN ARBOLES!!!  Me harté de solicitarle.,
13,2018-04-19T12:46:41+0000,109962602383378_1683523488360607,"HOLA . SIGUE SIENDO UN CAOS CRUZAR SOBRE AVENIDA NAZCA X SENDA PEATONAL . COMO ASI LOS MALOS ESTACIONAMIENTOS DE AUTOS EN LAS PARADAS DE COLECTIVOS  SOBRE RIVADAVIA , ABRAZO",
14,2018-04-10T02:29:58+0000,109962602383378_1674581819254774,https://www.facebook.com/MatiasLobosdirigente/photos/a.940410766017285.1073741839.934134473311581/1700593779998976/?type=3&theater,Matías Lobos shared a post to Comuna 7 de Buenos Aires's timeline.
15,2018-04-05T19:44:50+0000,109962602383378_1670323913013898,"TALLER DE TEATRO:
""ENTRENAMIENTO ACTORAL (ANTONIN ARTAUD Y JERZY GROTOWSKI)""
DOCENTE: Cristina Armada

INSCRIPCIÓN primer trimestre 2018 (12 clases)

Inicio de Inscripción:
LUNES 12/03/2018

Inicio de cursada:
JUEVES 12 DE MARZO DE 2018

HORARIOS DE CURSADA A ELECCIÓN:

*JUEVES DE 10 A 13 HS

*JUEVES DE 15 A 18 HS

La inscripción se debe realizar en la oficina de cursos & talleres, en el sexto piso del establecimiento (sarmiento 1551, caba).

Horarios de Inscripción y Atención al Público: lunes a viernes de 11 a 20 hs y sábados de 11 a 17 hs.",
16,2018-04-05T19:12:54+0000,109962602383378_1670300949682861,"che claudia y guillermo
los comuneros...

sigan haciendo obras de forma fraudulentas.

poda de arboles por intermedio de sus amigos del colegio de artigas y moron
muy contentos con el nuevo estacionamiento sobre la mano izquierda de artigas entre moron y felepe vallesse

sigar roban...",
17,2018-04-05T15:45:53+0000,109962602383378_1670140643032225,"Quisiera saber ¿por qué asfaltaron terrada desde avellaneda a Gaona si hay una ley que protege el Adoquinado? 
Dicho adoquinado, por cierto, no estaba en malas condiciones. Quizás requiriera algún mantenimiento, pero era preservarle.",
18,2018-04-05T15:07:03+0000,109962602383378_1670110223035267,"Estimados, vecinos y yo hicimos varias solicitudes y notas para gestionar la instalación de uno o dos contenderos más, aparte del que está. Esto se debe a los permisos que da el mismo Gobierno de la Ciudad para el levantamiento de edificaciones, también la nueva incorporación de nuevos negocios. Todo esto hace que la cantidad de basura acumulada en el contenedor, sumado a que el barrendero no pasa todos los días, o cuando pasa deja acumulada basura junto a dos bolsas que llenó, también va ocupando el espacio reservado por discapacidad que se encuentra junto a dicho contenedor. Hubo un inspector que tomó la decisión de que no era necesario agregar dicho contenedor. Parece que muchos vecinos estamos equivocados. Requerimos que se agregue, al menos, un contenedor más. Rivera Indarte 300",
19,2018-04-05T11:15:34+0000,109962602383378_1669934536386169,"HOLA . SIGUE EL CAOS PARA CRUZAR RIVADAVIA Y NAZCA . POR INVASION DE SENDA PEATONAL DE AUTOS .COLECTIVOS Y CAMIONES , CUANDO SE TOMARA UNA DECISION SERIA Y DEFINITIVA !!! . ABRAZO",
20,2018-04-04T08:04:14+0000,109962602383378_1668856459827310,"Quiero saber como hago para que corran el contenedor de basura que tengo en la venta de la habitacion de mi nena de 4 años y que nos innunda de olor a podrido constantemente.
Los comercios de la zona (carnicerias y verdulerias) arrojan sus desperdicios y la situacion ya es insostenible.
Hice el reclamo via web y al 147 y no me dan solucion.",
21,2018-04-03T20:13:59+0000,109962602383378_1668373956542227,"Próximo finde: Flores SUR, Parque Chacabuco, Mataderos, Lugano
http://www.buenosaires.gob.ar/noticias/campana-de-vacunacion-antirrabica-gratuita-para-perros-y-gatos]",
22,2018-04-02T16:02:56+0000,109962602383378_1667235599989396,"TALLER DE TEATRO PARA JÓVENES Y ADULTOS EN FLORES. VENI A DESCONTRACTURAR Y SALIR DE LA RUTINA. En Espacio PuntoARTE “tu lugar de encuentro”. BONORINO 274 (ALTURA RIVADAVIA 6600).
INFORMES E INSCRIPCIÓN 
Whatsapp y mensajes: 1531957539
1534859195
Por mail a poulainteatro@gmail.com",
23,2018-03-26T23:11:09+0000,109962602383378_1660488373997452,"Por favor hagan algo con la gente que quema cables y basura en el terreno baldío de la bajada de viel de la autopista 25 de mayo.
No se puede vivir con el olor a plastico y basura quemada. Tengo criaturas pequeñas que no pueden respirar! 
No es la primera vez que ocurre ni que lo denunciamos. La policia de noche no está y aprovechan para realizar la quema, sin mencionar el peligro de incendio de los arboles que allí se encuentran o las medianas de las casas linderas al terreno (hacen el fuego contra las paredes de las casas)
 Por favor pongan rejas o algo para que no se instalen allí.
Muchas gracias",
24,2018-03-19T13:40:35+0000,109962602383378_1652950684751221,HOLA .buen dia . se fueron los controles de transito en av.nazca y av. rivadavia . volvio el caos para los peatones !!!! abrazo,
