,created_time,id,message,story
0,2018-05-14T15:36:51+0000,110374839008344_1822229921156152,"Hola a todos.  Busco vecinos que me puedan ayudar
El miecoles tuve un accidente bajando del colectivo linia7 
Cerro la puerta y puso en marcha, mi mano quedo enganchadavy fui arrastrada
Necesitaria algun vecino que hayan podido ver algo
Gracias por leerme ojala pueda encontrar ayuda",
1,2018-05-13T22:34:56+0000,110374839008344_1821555331223611,"Comuna 3 de Buenos Aires  así como siempre peleo por seguridad en nuestra querida plaza Fumarola y sus alrededores hoy quiero agradecer que, desde el viernes 11/05/2018 hay un patrullero en su entrada en forma permanente.
Ésto nos da tranquilidad a los vecinos ya que nos sentimos protegidos y podemos disfrutar del lugar nuevamente.
Espero que continúen brindándonos seguridad y protección. GRACIAS!!!",
2,2018-05-07T00:55:51+0000,110374839008344_1814427738603037,"Para realizar el ""Parque de la Estación"" se decidió desafectar por completo los galpones ferroviarios que permitían a las formaciones de Larga Distancia alistar los furgones para los servicios a La Pampa, General Pico, Bragado, etc...  (función que hoy no se presta para justificar su desafectación). Hoy existe un servicio semanal en lugar de diario y se intenta también desafectar la playa de larga distancia de Caballito para poder realizar Negocios Inmobiliarios, mientras le mienten a los vecinos contándoles que ellos definirán el fin de los terrenos desafectados. Ya hay planes para construir en donde claramente no participan los vecinos y lo mismo ocurrirá en la playa de Once (aparece la habilitación para construir viviendas en el Nuevo Código Urbanístico).",
3,2018-04-16T18:49:52+0000,110374839008344_1793853470660464,http://www.adeproh.org.ar/cursos_1870.htm,
4,2018-04-15T13:29:00+0000,110374839008344_1792696524109492,"Estimados vecinos de la Plaza Primero de Mayo recientemente arreglada con colocación de pasto y plantas quedó verdaderamente hermosa, pero es necesario educar a los que tienen mascotas para que no anden sueltas, para eso tienen 2 enormes caniles que generalmente están vacíos o con muy pocos animales. 
Traten de no usar el césped para caminar como se ve en la Fotos o para largar a sus mascotas. 
Den más soporte a las personas que cuidan la plaza ya que si intervienen generalmente son agredidos verbalmente.",
5,2018-04-10T02:27:12+0000,110374839008344_1787043731341438,https://www.facebook.com/MatiasLobosdirigente/photos/a.940410766017285.1073741839.934134473311581/1700593779998976/?type=3&theater,Matías Lobos shared a post to Comuna 3 de Buenos Aires's timeline.
6,2018-04-06T16:28:57+0000,110374839008344_1783461628366315,Es necesario regar una plaza cuando llueve?,
7,2018-04-05T19:42:07+0000,110374839008344_1782444871801324,"TALLER DE TEATRO:
""ENTRENAMIENTO ACTORAL (ANTONIN ARTAUD Y JERZY GROTOWSKI)""
DOCENTE: Cristina Armada

INSCRIPCIÓN primer trimestre 2018 (12 clases)

Inicio de Inscripción:
LUNES 12/03/2018

Inicio de cursada:
JUEVES 12 DE MARZO DE 2018

HORARIOS DE CURSADA A ELECCIÓN:

*JUEVES DE 10 A 13 HS

*JUEVES DE 15 A 18 HS

La inscripción se debe realizar en la oficina de cursos & talleres, en el sexto piso del establecimiento (sarmiento 1551, caba).

Horarios de Inscripción y Atención al Público: lunes a viernes de 11 a 20 hs y sábados de 11 a 17 hs.",
8,2018-03-30T22:05:40+0000,110374839008344_1776456255733519,"Quiero felicitar a quien se le ocurrió la sencilla y eficaz idea de colocar montículos de tierra en la Plaza 1º de Mayo, esto corta el amplio espacio que era utilizado como cancha de fútbol impidiendo que creciera el pasto.
Por otra parte solicito retirar las luminarias con foto celda que fueron colocadas con motivo de la antigua cancha o por lo menos la que enfoca al edificio lindero con la plaza (sobre la calle Pichincha) ya que molesta si se quiere dormir con la persiana levantada.
Gracias y espero que den curso a este pedido
Elsa Delbosco
Pichincha 120 - 1er piso -contrafrente",
9,2018-03-29T00:31:43+0000,110374839008344_1774532009259277,por favor reubicar este contenedor a Av. entre rios 757,
10,2018-03-29T00:26:29+0000,110374839008344_1774529029259575,"buenas noches por favor si pueden ver la reubicacion de un contenedor de basura que colocaron erroneamente en av. entre rios 735, junto a un pusto de flores, el puesto fue golpeado por el contenedor y rompieron el techo cuando lo colocaron. el contenedor estaba en av. entre rios 757 colegio san martin hace mas de dos años q estaba alli, por favor solicito lo reubiquen nuevamente donde estaba. muy agradecida",
11,2018-03-13T23:07:38+0000,110374839008344_1758046290907849,"TALLER DE TEATRO:
""ENTRENAMIENTO ACTORAL (ANTONIN ARTAUD Y JERZY GROTOWSKI)""
DOCENTE: Cristina Armada

INSCRIPCIÓN primer trimestre 2018 (12 clases)

Inicio de Inscripción:
LUNES 12/03/2018

Inicio de cursada:
JUEVES 12 DE MARZO DE 2018

HORARIOS DE CURSADA A ELECCIÓN:

*JUEVES DE 10 A 13 HS

*JUEVES DE 15 A 18 HS

La inscripción se debe realizar en la oficina de cursos & talleres, en el sexto piso del establecimiento (sarmiento 1551, caba).

Horarios de Inscripción y Atención al Público: lunes a viernes de 11 a 20 hs y sábados de 11 a 17 hs.",
12,2018-02-24T13:36:19+0000,110374839008344_1739463206099491,LOS ESPERAMOS! #TalleresGratuitos #ProgramaCulturalEnBarrios,
13,2018-02-09T20:07:06+0000,110374839008344_1724356397610172,urgenteeee,
14,2018-01-16T22:56:42+0000,110374839008344_1699979696714509,"Hola! Acabamos de crear un grupo para los animales de cada comuna. Con el fin de centralizar las adopciones, perdidos y encontrados. Tratando de focalizar los esfuerzos por zona.

Acá les dejo el link del grupo para la Comuna 3:
https://www.facebook.com/groups/183450892258000/",Lau Cufré shared a group to Comuna 3 de Buenos Aires's timeline.
15,2018-01-16T19:31:42+0000,110374839008344_1699861366726342,¡Por favor tengan en cuenta los reclamos!. Están demoliendo en calle La Rioja 1565 sin tener permiso de obra. Desde esta mañana que estoy llamando a todos los teléfonos correspondientes y no han mandado un inspector.,
16,2018-01-15T12:45:52+0000,110374839008344_1698655446846934,"Buen día, hace varios días ya que se originó un bache en medio de la senda peatonal en Sarmiento y Pasteur, Balvanera. Hay reclamos. Por favor envíen urgente personal idóneo para su reparación, hoy casi se cae un no vidente por esta causa. Gracias!",
17,2018-01-09T20:57:55+0000,110374839008344_1693450767367402,"Larrea y Perón.....y si empezamos a multar ? Es imposible caminar por allí, todos tiran basura en cualquier lado!!!",
18,2017-12-28T03:14:51+0000,110374839008344_1679528365426309,"Somos muchos los q corremos x la Pza Vuelta d Obligado (Pichincha e/ Av Garay y Av Brasil) y por otros pques del barrio.En ninguno hay un bebedero funcionando.Entiendo q el vandalismo tiene un poco de culpa,pero sería bueno invertir en ello para beneficios d todos",
19,2017-12-05T23:53:11+0000,110374839008344_1656672384378574,"Como se puede hacer para que la gente de la esquina de Catamarca y Humberto 1ro. que tienen deposito de comida para animales deje de romper o interrumpir el paso. con las camionetas y camiones estacionan en la ochava y tapan los dos pasos para discapacitados, varias veces durante el dia, ahora han roto la vereda se ve que subieron un vehiculo pesado y esta hundida, no se puede pasar con un changuito, menos un carrito de BB y menos una silla de ruedas. Esta gente tomo como deposito la vereda y baja de los camiones toda la mercaderia y la apila en la vereda. POR FAVOR ALGUNA VEZ PASEN Y HAGANLES UNA MULTA O ALGO ES IMPOSIBLE PASAR POR ESA ESQUINA DURANTE LAS HORAS DE LA MAÑANA SOBE TODO. Gracias",
20,2017-12-04T23:53:51+0000,110374839008344_1655612844484528,"Llegué hace apenas un rato de la plaza Julio C. Fumarola, abandonada a la manos de Dios, desde las 16:40' hasta pasadas las 20:00' de hoy lunes los vecinos debimos cuidar la plaza, había perros grandes sueltos por toda la plaza y trepándose a las mesas donde los vecinos estábamos tomando mate, muchachos en estado de ebriedad tomando alcohol y con equipos de audio a todo volumen, niños trepándose a los árboles y sus padres mirándolos como si nada pasara, indigentes con colchones descansando como si fuera su casa y más de un adulto utilizando lo árboles como baño .
Quisiera que ustedes que son quienes nosotros elegimos para que nos protejan nos digan que van a hacer ya que tanto el espacio público como los vecinos estamos en absoluto estado de abandono.
¿¿¿Hasta cuando??? 
Espero que tengan la decencia de dar una respuesta a este reclamo, no puede ser que los vecinos seamos quienes cuidemos la plaza, si no, contrátennos y al menos lo haremos con un fin justificado.",
21,2017-11-15T16:23:55+0000,110374839008344_1635607523151727,"Por favor !! en que quedo el protocolo de  antipiquete ?? no se puede circular !!! la calle esta tomada por quienes no trabajan tienen planes y si van a cobrar el bono de fin de año
Ausencia total del estado !! Larreta y Bullrich deberian accionar si no por mas plaza y bicisenda que hagan  esta ciudad esta colapasada",
22,2017-11-10T17:29:01+0000,110374839008344_1630582866987526,"No se si es el medio pero necesito que alguien haga algo. La facultad de Sociales de la Calle Santiago del Estero es una VERGUENZA NACIONAL.
1- La mugre es terrible (causada por los cursantes)
2- Las ratas de noche se pueden ver cruzar por los patios
3- Las aulas TODA LA NOCHE con luces prendidas (Soy vecina tengo videos y fotos)
4- La puerta de gas que debe estar reglamentariamente pintada de amarillo pusieron una leyenda amenazando al vida del Presidente.
5- Durante la semana se organizan festivales hasta altas horas de la noche donde le alcohol y la mariguana es moneda corriente. 
6- Llame a la Comisaria y me dicen que no pueden entrar.
7- Me niego a usar el 911 para esto.
8- SOmos vecinos que trabajamos para bancar con impuestos esta facultad. Hay derecho?
No sabemos adonde ir anoche fue un descontrol, ahora rompen botellas INSISTO DENTRO DE LA UNIVERSIDAD. EN EL PATIO
Los sabado tenemos los ensayos de una murga del ATE. entonces de lunes a viernes rezando para que no festejen nada y los sabados que podemos descansar la murga. Hay derecho. donde empiezan nuestros derechos? Ojala puedan orientarme y decirme donde hago una denuncia que soluciones esto, Todavia quedan conductas de epocas pasadas donde la impunidad con la que se manejan agotan y cansan. Tenemos pruebas de todo lo expuesto y cuando quiera lo ven en vivo y en directo",
23,2017-11-09T22:54:34+0000,110374839008344_1629831480395998,Los esperamos!!!!!,
24,2017-11-02T21:37:11+0000,110374839008344_1622976154414864,"Soy discapaciada motor  y solicite que se vuelva a la Calle Viamonte 2376 el contenedor de residuos que esbaba desde hace 5 años   y lo pasaron a la esquina que Pasteur habiendo solo un edificio de Pisos y casi Azscuenaga hay 4.Ademas  estan las marcas en la calle, me parece que vuestra respuesta en muy desusbicada ya que no Habia ningun inconveniente de los detallados por Uds,solicito una respuesta a la mayor brevedad ya que caso contrario habiendo pertenecido   a este Gob de la cuidad mas de 44 años y 6 meses se como manejar las cosas mi mail es ljurberg@fibertel.com.ar",
