,created_time,id,message,story
0,2018-06-22T15:03:22+0000,109380042442295_1778901978823418,"Este pobre peaton pone en juego su seguridad para cruzar, donde estan los controles de espacios Publicos y Seguridad. Sres. Para cuando el Cambio.",
1,2018-06-22T14:56:52+0000,109380042442295_1778893582157591,,Carlos Alberto Cueto added a new photo to Comuna 2 de Buenos Aires's timeline.
2,2018-06-22T14:55:59+0000,109380042442295_1778892388824377,,Carlos Alberto Cueto added a new photo to Comuna 2 de Buenos Aires's timeline.
3,2018-06-22T14:55:16+0000,109380042442295_1778891455491137,,Carlos Alberto Cueto added a new photo to Comuna 2 de Buenos Aires's timeline.
4,2018-06-22T14:54:07+0000,109380042442295_1778889885491294,Esto esta ocurriendo en la esquina de Charcas y Billinguhrs en este momento es comuna 2 y los controles bien gracias.,
5,2018-06-08T18:37:21+0000,109380042442295_1760698380643778,"Taller de teatro, en fermin espacio cultural. Todos los jueves de 18 a 19:20hs. Cobramos por clase, estamos en culpina 75.  Venite!",
6,2018-06-07T20:39:10+0000,109380042442295_1759745504072399,"hola, querría saber como hay que hacer para asistir a las visitas guiadas que realizan. Gracias",
7,2018-06-07T14:44:39+0000,109380042442295_1759442747436008,Fijate como este sinverguenza cobra estacionamiento donde no debe. Sera que algun sinverguenza como el lo apaña. Sres de Comuna 2 o Transito cuando actuaran para que los contribuyentes veamos el  Cambio esto sigue ocurriendo en Billinghurt al 1700 de Ciudad Autonoma.,
8,2018-06-05T15:28:46+0000,109380042442295_1757518184295131,"Solicitud reparacion de vereda 00128374/18. Estimado Agustin Fox:

Recibi mail de vuestra parte informando que habian resuelto el problema de la reparacion de veredas en la calle Mansilla 3195 esquina Sanchez de Bustamante 1505, CABA. 

La realidad que fue reparado en parte, solo sobre la calle Mansilla y en parte quedaron baldosas rotas y salidas que no repararon.

 Ademas sobre la calle Sanchez de Bustamante no han reparado y tambien habia un arbol que lo han sacado pero las raices estan y levantaron la vereda. Por otra parte cual es el criterio de reparacion o cambio de veredas? si bien es responsabilidad del frentista en las cuadras de alrededor han cambiado veredas completas en cambio en esta esquina no.

 Le doy ejemplos Mansilla y Gallo cambiaron una esquina completa, Gallo entre Mansilla y Charcas cambiaron casi una cuadra completa, Billinghurst y Charcas esquina completa.

Y la esquina de enfrente Mansilla y sanchez de Bustamante la cambiaron completa (hay una casa de ortopedia)

 Nuestra esquina fue rota por raices de arboles y contratistas y se resisten a cambiarla completa no es serio el planteo que es responsabilidad del frentista cuando estan cambiando veredas completas en todo el barrio y la ciudad.. Envio fotos del estado de la vereda.  

Cordiales Saludos.

Dr. Pablo Ezequiel Bruzzo",
9,2018-05-15T16:03:27+0000,109380042442295_1737637422949874,"Cobra donde no debe, cobra lo que quiere y no da comprobante.",
10,2018-05-15T15:40:04+0000,109380042442295_1737619426285007,Sera que alguna vez este personaje deje de robarle a la gente cobrando estacionamiento donde no debe. Cuando la Comuna empezara a tomar nota de estos casos y actuar.,
11,2018-05-14T15:04:04+0000,109380042442295_1736663813047235,Esta foto muestra como se respetan las señalizaciones en la C.A.B.A esto hoy ocurre en Comuna 2 sector de Coronel Diaz y Charcas.,
12,2018-05-14T14:51:59+0000,109380042442295_1736653853048231,Esta señal esta en todos los sectores de la Ciclovia y nadie la respeta. La comuna y Transito bien gracias.,
13,2018-05-10T15:43:31+0000,109380042442295_1732860983427518,"Av Pueyrredón 1635. Contenedor de basura sin tapa, a escasos 2 metros de la entrada al edificio. Esposa con movilidad reducida (con certificado).  Reclamé la re-ubicación o por lo menos que lo bajen a la calle. Mandé mail explicativo al Sr. Agustín Fox, sin respuesta hasta el momento. N° de reclamos: 00533371/18 - 00552209/18",
14,2018-05-10T15:32:26+0000,109380042442295_1732852040095079,"Av Pueyrredón 1635 entre Beruti y Juncal. Contenedor de basura  sin tapa sobre la vereda a escasos 2 metros de entrada al edificio. Con esposa con movilidad reducida (con certificado), pedí que por lo menos que  lo bajen a la calle. Envié mail aclaratorio al Sr.  Agustín Fox, sin respuesta hasta el momento. N° de reclamos: 00533371/18  -  00552209.                     
 Leonardo Vázquez DNI 4422133",
15,2018-05-09T15:44:18+0000,109380042442295_1731911096855840,,Carlos Alberto Cueto added a new photo to Comuna 2 de Buenos Aires's timeline.
16,2018-05-09T15:43:55+0000,109380042442295_1731910896855860,,Carlos Alberto Cueto added a new photo to Comuna 2 de Buenos Aires's timeline.
17,2018-05-09T15:39:21+0000,109380042442295_1731908100189473,"Este Comercio no tiene control. saca los tachos a la vereda durante horas hasta que los retira el cebero y despues lava los mismos en la vereda y tira el agua del lavado a la calle, infraccion como esta todos los dias como la no emision de tiket o comprobante de compra lo cual demuestra que no cumple con ciertas obligaciones vigentes. Sera que la Habilitacion de este comersio en Bilinghurt 1700 estara en regla.",
18,2018-05-09T02:30:11+0000,109380042442295_1731404513573165,"Av Pueyrredon 1635 entre Juncal y Beruti Instalaron el contenedor de basura cuya foto anexo hace 4 días -
a)DOS CAUSALES legales son aplicables  para su  REUBICACION :
1)La confiteria QUEBEC que colinda y forma parte ( es la UF 22) de nuestro consorcio es un COMERCIO GASTRONOMICO
2)Otra de las causales :Una consorcista  es titular de un  certificado de discapacidad Ley 22.431 emitido el 24-4-2018.
b)UNA CAUSAL del mas estricto sentido COMUN:Los contenedores de basura NO deberían ser colocados FRENTE a la entrada de un edificio porque CONTRADICE  Y VIOLENTA TODOS  los  planes y programas tendientes a mejorar y preservar la calidad ambiental de la ciudad,como asi las mas elementales normas de higiene y seguridad.
Esta foto ilustra ,en parte, el basural en que han convertido  la entrada  de nuestro edificio. Agustin FOX,Ramiro PERALTA,Eduardo MACCHIAVELLI  les ROGAMOS la INMEDIATA remoción.Se imaginan ustedes ESTO en la puerta de sus viviendas? Podemos contar con que  el  el Gob. de CABA no permitirá que nos convirtamos en el vertedero de la cuadra?. 
Sinceramente quisiera creer que si,que los tiempos del maltrato al ciudadano terminaron,que  finalmente cambiamos.",
19,2018-05-09T01:40:16+0000,109380042442295_1731373843576232,"Esto ocurre en Av Pueyrredon 1635-SOLICITAMOS REMOCION o SOTERRAMIENTO del contenedor.El que segú la ciudad Produce olores,crea conytaminacion visual y promueve el manipuleo de bolsashttp://www.buenosaires.gob.ar/noticias/nuevos-contenedores-soterrados-en-el-microcentro",
20,2018-05-09T00:48:03+0000,109380042442295_1731343490245934,"Los vecinos de Recoleta solicitamos que retiren los colchones que han puesto personas que pretenden vivir en la calle, en la esquina de la avenida Quintana y Ortiz, donde está La Pantera Rosa, adjunto foto. No nos interesa llamar al 108 porque les llevan mantas. Pagamos muchos impuestos y la vía pública no es un lugar para que se tiren a vivir con colchones y bolsas repletas de residuos. Lo mismo ocurre en la Plaza Mujica Lainez de Junin y Vicente López. Tomen una medida, por favor!",
21,2018-05-04T14:10:45+0000,109380042442295_1726947797352170,Hola! Quería hacer un reclamo porque la plaza Republica del Paraguay no cuenta con luz en la zona de juegos. Ya hace un tiempo de esto y los chicos juegan a oscuras ya que ahora oscurece muy temprano. Esperamos que lo solucionen PRONTO. Gracias. Maria Victoria Servidio Evangelina Rudaz,
22,2018-04-29T14:00:58+0000,109380042442295_1722044154509201,"Todas las noches durante la madrugada vienen a tirar a la puerta de mi  casa  botellas  y basura de los restaurantes del barrios  no tengo porque tener que despertame escuchando ruido de gente que esta tirando basura en la puerta de mi casa
ya escribi varios mail a comuna 2 y NADIE me respondio !!! 
Espero una solucion  definitiva  y una respuesta de la comuna 2.
Esta es una foto de lo que tiraron ayer a la noche .",
23,2018-04-15T23:33:49+0000,109380042442295_1709215485792068,"Hola! 
Les escribo porque en la Plaza Rodriguez Peña (entre Marcelo T y Paraguay) llevamos una semana sin luz, lo que viene siendo bastante peligroso últimamente con los vecinos que tenemos instalados en el canil de Plaza Petronila y el pasto frente al Ministerio de Educación (Palacio Pizzurno) y la ausencia de los agentes de policía que solía haber en la esquina de Rodriguez Peña y Marcelo T.
Gracias",
24,2018-04-10T15:15:39+0000,109380042442295_1703727959674154,Este sinverguenza sige Cobrando donde no debe y no da tarjeta. Esto es en Billinghurt 1700. Quien controla?,
