,created_time,id,message,story
0,2018-06-21T19:17:02+0000,133565809991250_2099373170077161,"concurro al centro de salud 13, funciona un solo sanitario publico , y no hay jabon o alcohol en gel, para higienizarse las manos.,",
1,2018-06-17T15:05:34+0000,133565809991250_2092487444099067,"Buen dia hace instantes hice un comentario por privado pero entiendo que este tema es de orden publico y atañe a la comunidad tanto en el orden como en la seguridad . todos los domingos se celebra la feria de mataderos y lamentablemente lo que deberia ser una fiesta muchas veces es un caos . las miles de personas que concurren a este envento deberian contar con un mejor espacio o contencion no permitiendo la circulacion de vehiculos por la avenida Lisandro de la Torre entre Tandil y Avenida directorio . creando un corredor o peatonal para el acceso del publico visitante sin tener que cuidarse de los autos ni mencionar los inconvenientes y disputas que se dan fecha a fecha con los conocidos "" trapitos "" . La comisaria 42 que se encuentra en medio de la feria muchas veces dispone del cierre de estas arterias mejorando el acceso de los peatones pero otras veces deja todo al libre albedrio con lasya mencionadas consecuencias . Este tema no se puede establecer como pauta general y normal como se realiza en tantos ambitos o encuentros no es disponer de muchos recursos son dos patrulleros dispuestos uno sobre la calle Tandil y otro sobre Lisandro de la torre con el cruce de Av. Directorio . Se puede permitir el acceso para carga y descarga a los feriantes cosa que hacen a horas de la madrugada pero evitar el acceso de autos a partir de cierta hora . Reitero mi pedido esto mejoraria la calidad del evento y evitaria desagradables situaciones donde tiene que termiar interviniendo la policia .Gracias",
2,2018-06-09T02:49:09+0000,133565809991250_2080643441950134,Por favor necesitamos que alguien se ocupe de combatir la falta de respeto y falta de normas de convivencia que sufre el barrio con la gente que pone la musica a todo dar hasta altas horas de la noche en la torre de Bragado y timoteo Gordillo. Convierten el departamento en un boliche. Es inaguantable!!!!. Gente vaga e irrespetuosa. Por favor!!!,
3,2018-05-30T01:14:22+0000,133565809991250_2069599939721151,"Estimado Horacio, quiero agradecerle por  acercamiento a la Comuna n 9 por escuchar nuestra necesidades, por sus respuestas concretas y serias. Yo como le e dicho personalmente veo los cambios y son reales. Le pido que nos resuelva el problema del transito, en el abuso que hacen muchas personas, estacionan en las veredas y en las lineas peatonales delante de las rampas. antes se lamentaban que no había rampas!.  y no por ultimo la General Paz toda es de la CABA ambas partes, párese el patio del fondo el lado provincia, pero que nos pertenece.",
4,2018-05-23T01:46:01+0000,133565809991250_2062124020468743,"Me ayudas a apoyar esta propuesta y a compartirla en tu muro Ya estamos corriendo de atrás y vamos por más !
BA Corre 5k por tu comuna!
Hasta el el 31 de mayo hay tiempo
Apoyá esta propuesta
",
5,2018-05-22T14:27:21+0000,133565809991250_2061562807191531,"Buenos dias, hace 2 semanas que no hay barrendero en Laguna al 300
Hice un reclamo al 147 la semana pasada, me respondieron que ya lo habían solucionado y no fue así.
Ayer hice un segundo reclamo; las hojas siguen acumulándose en la calle",
6,2018-05-19T22:22:46+0000,133565809991250_2058795540801591,"Les consulto cuando van a reponer todas las señales de paradas de colectivo que sacaron HACE UN AÑO sobre la Av. Alberdi, creando un desconcierto entre todos los pasajeros que desconocen donde esperarlo, también sacaron el refugio/parada  que estaba en la vereda del Banco Ciudad de Larrazábal y Alberdi, quien es el responsable de tanta inoperancia ?????",
7,2018-05-16T15:16:57+0000,133565809991250_2055365851144560,"Me vienen a arreglar la vereda después de 3 años , pero van a dejar unos pozos sin reparar. Numero de referencia es 01085301/16 (es la última, ya que la primera 00145582/15 viene de marzo del 2015). 
Cual es la razón de hacer retazos de reparación sobre una vereda destruida y donde dejan un pozo significativo sin solucionar.? Si este es el plan de reparación … estamos todos fritos. Apelo a la cordura y el sentido común. La comuna 9 en vez de reparar mi vereda pareciera que se toma una revancha sobre un vecino insistente, mandándole cualquier cosa, menos una solución racional. A pesar del seguimiento de Eduardo Maquiavelli sobre el tema, nada concreto y serio ha pasado a la fecha",
8,2018-05-09T17:07:12+0000,133565809991250_2048029618544850,"Buenas tardes, soy una vecina del Barrio Manuel Dorrego, conocido por muchos como Los Perales. Lamentablemente desde el dia lunes estamos sin agua en casi todo el barrio, debido a la quema de los motores que bombean el agua en el tanque central. NECESITAMOS UNA PRONTA SOLUCION!!! ...ya que cada dia que pasa, mas nos alargan los tiempos en el cual va a volver el suministro de agua a los pisos superiores.
POR FAVOR!!!! NECESITAMOS AYUDA Y UNA SOLUCION!! HAY MUCHOS VECINOS MAYORES Y FAMILIAS CON NIÑOS PEQUEÑOS (COMO YO), Y  NO SE PUEDE ESTAR SUBIENDO CONSTANTEMENTE BALDES DE AGUA PARA MINIMAMENTE PODER DESCARGAR EL BAÑO.",
9,2018-05-07T01:55:36+0000,133565809991250_2045317195482759,"Vuelvo a reclamar por el árbol que hay en mi vereda. Ahuecado, peligrosamente ahuecado. Quizás al iniciar la semana me contesten. Tengo expediente desde el año 2016. Se expidieron el año pasado a favor de extraerlo. Pasa el tiempo....Repito: Quizas al iniciar la semana me contesten. 00909704/16",
10,2018-05-04T19:22:09+0000,133565809991250_2042935319054280,"Por iniciativa del Legislador Cingolani, la Legislatura de la Ciudad Autónoma de Buenos Aires rinde homenaje a Martin Luther King, patrono del CECIE 13.",
11,2018-05-02T23:14:36+0000,133565809991250_2040790135935465,La semana pasada mencione el problema del arbol de la puerta de mi casa. Con expediente y no me contestaron,
12,2018-04-29T07:47:14+0000,133565809991250_2036661063015039,https://www.facebook.com/groups/389226501126926/permalink/1638770979505799/,Faby Vilma Ocana shared a post to Comuna 9 de Buenos Aires's timeline.
13,2018-04-29T07:44:04+0000,133565809991250_2036659186348560,"sres funcionarios ante la inminente destrucción de este hermoso y sano arbolito (que lleva el anuncio puesto por Uds.calle Corvalán N° 1134 ) les recuerdo que esta vigente la medida cautelar y que deben desistir de toda acción de poda. la denuncia ya fue realizada en el ministerio fiscal de la ciudad-les copio la resolución 
Les recuerdo que deben respetar la ley si quieren gobernar con justicia.
https://www.facebook.com/groups/389226501126926/permalink/1638770979505799/
ORDENAR al Gobierno de la Ciudad Autónoma de Buenos Aires que arbitre las medidas correspondientes para materializar la inmediata suspensión de cualquier actividad de poda y/o tala del arbolado público existente en la Ciudad que no cumpla con lo dispuesto por los artículos. 10, 11 y 12 de la ley 3263, siempre que no mediaran situaciones excepcionales que no admitan demora, las que –de configurarse– deberán ser individualizadas, debidamente fundadas y puestas en conocimiento del Tribunal. Ello, previa caución juratoria que deberá prestar la Sra. Claudia Heras ante estos estrados.
Regístrese, notifíquese a la parte actora por Secretaría con carácter urgente y, una vez prestada la caución juratoria ordenada, notifíquese a la demandada por cédula, junto con el traslado de la demanda dispuesto en el día de la fecha, cuya confección queda a cargo de la parte actora. GUILLERMO MARTÍN SCHLEIBER. JUEZ.",Faby Vilma Ocana shared a post to Comuna 9 de Buenos Aires's timeline.
14,2018-04-10T14:47:16+0000,133565809991250_2016177638396715,Hola Comuna 9 de Buenos Aires! Se estan inundando a la vuelta de la esquina... de la esquina en donde estan uds. Calle Bacacay y Gualeguaychú! Venancio Flores desde Segurola hasta Goya! Esta cediendo el adoquinado y es imposible pasar con el auto! Podrás chequear el tema? Hace mas de una semana que esta desbordando agua limpia sin parar desde la obra del soterramiento del Sarmiento! Aguardo comentarios y soluciones! O no estamos abogando por la Ecologia? Cuántos litros se desperdician y nadie hace nada???????,
15,2018-04-05T19:46:31+0000,133565809991250_2010616985619447,"TALLER DE TEATRO:
""ENTRENAMIENTO ACTORAL (ANTONIN ARTAUD Y JERZY GROTOWSKI)""
DOCENTE: Cristina Armada

INSCRIPCIÓN primer trimestre 2018 (12 clases)

Inicio de Inscripción:
LUNES 12/03/2018

Inicio de cursada:
JUEVES 12 DE MARZO DE 2018

HORARIOS DE CURSADA A ELECCIÓN:

*JUEVES DE 10 A 13 HS

*JUEVES DE 15 A 18 HS

La inscripción se debe realizar en la oficina de cursos & talleres, en el sexto piso del establecimiento (sarmiento 1551, caba).

Horarios de Inscripción y Atención al Público: lunes a viernes de 11 a 20 hs y sábados de 11 a 17 hs.",
16,2018-04-04T13:56:51+0000,133565809991250_2009215625759583,"Buenos días.
Hubo tres choques en una semana en el cruce de las calles Lisandro de la Torre y Ulrico Schmidl. Históricamente fue muy peligroso y siempre hay choques... espero que no tenga que haber un muerto para que se haga algo al respecto. Los vecinos pedimos urgentemente al Gobierno de la Ciudad la instalación de un semáforo.
Dejo el número de reclamo: 00380448/18
Y acá dejo la foto del choque de anoche que por suerte no pasó a mayores.
Muchas gracias.",
17,2018-04-02T12:44:54+0000,133565809991250_2006887605992385,"Hola, los vecinos de la Plaza Domingo Olivera seguimos a la espera de su iluminación, colocación de tapa faltante sobre la vereda (supongo de algún servicio público, con el riesgo que alguien se lesione), el reclamo por la inocrrectamente implementada rampa dado que se acumula agua luego de lluvia sin conexión a la boca pluvial. Reclamos 00089631/18, 00089540/18, 00019088/18, 00084193/18, todos realizados a comienzos de Enero el corriente año. Reiteradas veces y por diversas vías hemos hecho los reclamos. A todas luces alguien no está haciendo su trabajo: Ni siquiera me responden a los mencionados reclamos, aunque sea para saber que acusaron recibo y cuándo se estima su resolución. ¿Algún miembro de la Junta Comunal podrá darnos respuesta a estos reclamos? Entiendo su funicón y parte de su responsabilidad es justamente ésta, siendo una labor remunerada por los ciudadanos. Muchas gracias.",
18,2018-03-28T22:03:54+0000,133565809991250_2001469386534207,"Les consulto de quien fue la idea de sacar todos los postes de las paradas de colectivo sobre Juan B. Alberdi hace mas de seis meses, causando confusión en la gente que no puede ubicar donde esperar el mismo. Si la idea era reemplazar la vieja señalización, se quedaron a mitad de camino una vez mas...pido URGENTE SOLUCION de este tema, no tienen derecho a dejar a los vecinos abandonados por la inoperancia que los caracteriza.",
19,2018-03-24T09:41:03+0000,133565809991250_1996251683722644,CIRUJAS VIVIENDO EN TAPALQUE ABAJO DE LA ATOPISTA  Y JOSE ENRIQUE RODO ABAJO DE LA AUTOPISTA,
20,2018-03-13T23:13:41+0000,133565809991250_1983839054963907,"TALLER DE TEATRO:
""ENTRENAMIENTO ACTORAL (ANTONIN ARTAUD Y JERZY GROTOWSKI)""
DOCENTE: Cristina Armada

INSCRIPCIÓN primer trimestre 2018 (12 clases)

Inicio de Inscripción:
LUNES 12/03/2018

Inicio de cursada:
JUEVES 12 DE MARZO DE 2018

HORARIOS DE CURSADA A ELECCIÓN:

*JUEVES DE 10 A 13 HS

*JUEVES DE 15 A 18 HS

La inscripción se debe realizar en la oficina de cursos & talleres, en el sexto piso del establecimiento (sarmiento 1551, caba).

Horarios de Inscripción y Atención al Público: lunes a viernes de 11 a 20 hs y sábados de 11 a 17 hs.",
21,2018-03-12T09:15:42+0000,133565809991250_1981827798498366,Ese pequeño grupo ocasionó disturbios toda la noche en Juan b Alberdi y Albariño y nadie pudo resolverlo,
22,2018-03-11T19:31:47+0000,133565809991250_1981083711906108,"ME INTERESARÍA SABER CUANDO LAS AUTORIDADES DE LA COMUNA 9 SE VAN A DIGNAR A REMODELAR, RECICLAR U OCUPAR ( COMO  QUIERAN LLAMARLO), DE LA PLAZA SARGENTO CABRAL QUE LA TIENEN TAN ABANDONADA ???
PASARON HACE UN PAR DE MESES A PINTAR LOS BANCOS Q ESTAN YA DETERIORADOS, LOS TACHOS Q ESTAN QUEMADOS....ES POSIBLE QUE CREAN QUE SÓLO CON ESO YA LA PLAZA ESTÁ EN CONDICIONES...DISCULPEN PERO NO COMPARTO...HACE AÑOS QUE NO SE  REPONEN LAS PIEDRITAS Q LA CUBRIAN Y TODO ES PURO POLVO...DEBERÍAN CERRARLA Y RECICLARLA COMO HAN HECHO CON TODAS LAS PLAZAS DE LA ZONA
LAS DE BARRIO NAÓN PRINCIPALMENTE..YO PAGO MIS IMPUESTOS IGUAL QUE LOS VECINOS DE ALLÍ, ASI QUE ESTAMOS IGUALES
ME GUSTARÍA EL COMENTARIO DE ALGUNA AUTORIDAD AL RESPECTO...GCS",
23,2018-03-10T23:59:55+0000,133565809991250_1979978475349965,Siempre la cierra por un motivo distinto. Pero por imposibilidad técnica me mato!!!!  si no vivis en microcentro y en la zona norte de CABA las cosas de reciclan a medias (arreglaron la plaza pero no le hicieron las veredas) y no se mantienen,
24,2018-03-10T22:22:58+0000,133565809991250_1979913402023139,"Buenas tardes, queria comentarles que la plaza de la calle larrazabal quedó muy linda, pero el caminito que hicieron de ladrillos en la puerta central que sale por la calle Caaguazú, ya se esta desarmando, debido a que no le hicieron cordón de contención, sería bueno repararlo a la brevedad para que no se siga rompiendo. Gracias",
