,created_time,id,message,story
0,2018-06-24T21:19:40+0000,130061933687645_2214919968535154,Respeto por favor. Plazoleta en yerbal y Fragata sarmiento. No deben darle un espacio tan chico.  Nos matan a los vecinos,
1,2018-06-24T21:17:52+0000,130061933687645_2214918311868653,Hasta cuando los vecinos tenemos que soportar l murga. Por favor están repartiendo permisos en zonas que no deberían. Están en la plaza de yerbal y Fragata sarmiento. Es un lugar reducido. Por favor respeto denles un ligar más amplio. Ese lugar hace eco en todo el barrio no es una plaza abierta. Todos los domingos hay que soportar esto? Estoy en un piso doce y es como si los tuviera al ldo🤬🤬🤬,
2,2018-06-14T16:56:55+0000,130061933687645_2198204046873413,"Hoy tenemos clases de teatro, cobramos por clase. Venite!",
3,2018-06-07T15:30:28+0000,130061933687645_2189164047777413,"quería saber  por que  informes  117  no atiende durante  todo el  dia  el teléfono  hay  operador  en  ese  interno?

espere  que  lo  van atender .....  nunca  atiende  tampoco  quiero  un  numero de teléfono  de esta  comuna  que me atienda  es para  dar  de  baja  a una eterna  denuncia",
4,2018-06-07T13:10:56+0000,130061933687645_2189044491122702,"Estimados, disfrutas de los espacios verdes es derechos de todos y si tenemos derechos, tambien tenemos obligaciones, ejemplo pagar los impuestos, respetar a los projimos, cumplir las normas etc. El horario de la plaza Irlanda es de 6 a 23 hs, el dia martes 20:30 hs haciendo ejercicio me quede encerrada ya que cerraron todas las puertas. En el dia de ayer realice el reclamo NUM 402583/17 en el 147 donde me indicaron que el horario de 6 a 23hs era el correcto. POR FAVOR RESPETEN Y HAGAN CUMPLIR EL HORARIO QUE CORRESPONDE. GRACIAS",
5,2018-06-03T04:11:19+0000,130061933687645_2184175394942945,"Lamentablemente crece el mal muy rápido en el mundo en cambio un Ombú crece muy lentamente y hay que acompañarlo por muchas generaciones para lograr un explendor similar al del ejemplar que alberga el jardín Margarita Ravioli. Vamos a denunciar este atropello y sin razón ante la justicia, Este mismo lunes a primera hora.",
6,2018-06-02T11:04:54+0000,130061933687645_2183291525031332,"+ TODOS LOS DIAS 10 A 20HS +
Clases de manejo con doble comando total en Auto compacto como este Clio.
5 CLASES DE UNA HORA $2500
OFERTAS
7 CLASES DE UNA HORA $3000
10 CLASES DE UNA HORA $3500
DE REGALO 
Nicolás: Tel: 1531993270
 Amplio Horario Para Quienes Trabajan o Estudian
- Días hábiles 10 hasta las 20hs.
- Fines de Semana de 8:30 a 20Hs.
                                        DE REGALO
Material Didáctico elemental para los que nunca manejaron.
Material Completo con las Leyes de Tránsito Argentinas.
5 CLASES $2500
7 CLASES $3000
10 CLASES $3500 Nicolas: Tel: 1531993270",
7,2018-06-01T19:44:19+0000,130061933687645_2182573655103119,"Hoy nos encontramos con el ombú del jardín Margarita Ravioli vallado de una manera muy peligrosa, con fierros oxidados asomando por todos lados. Desde la dirección nos informaron que el vallado era para ver en qué condiciones se encontraba el ombú para luego ver si lo iban a sacar. El mismo se encuentra en buenas condiciones, no tiene ramas quebradas. Esperamos que no se trate de otra poda injustificada a un árbol centenario, como ocurrió con el del parque rivadavia",
8,2018-06-01T19:06:21+0000,130061933687645_2182544275106057,"El ombú del jardín Margarita Ravioli de caballito está enrejado. Nadie avisó a la comunidad, nos enteramos con las rejas ya colocadas. Pedimos información clara y a tiempo (como corresponde) y teniendo en cuenta las necesidades y la historia de la comunidad que se ve afectada.",
9,2018-06-01T18:17:45+0000,130061933687645_2182508761776275,"Hola, también soy madre de una nena que va al jardín Margarita Ravioli (Campichuelo al 100), estamos más que preocupados por la posible quita del centenario Ombú, símbolo de nuestro jardín. Queremos saber por qué lo vallaron y de ese modo tan peligroso para nuestros chicos. Es nuestro ombú, como mínimo deben informarnos qué van a hacer. Estamos más que preocupados, a simple vista el árbol está en óptimas condiciones. Necesitamos información cierta.",
10,2018-06-01T17:34:47+0000,130061933687645_2182477675112717,"Hola , por favor no aniquilen el ombú de la escuela Margarita Ravioli como lo hicieron con el del parque Rivadavia. Además una vergüenza y un peligro para lxs niñxs que asisten el vallado que pusieron en la puerta",
11,2018-06-01T17:02:39+0000,130061933687645_2182449588448859,"En el día de hoy nos encontramos con el Ombú del Jardín de Infantes Común Nº 02 DE 7 Prof. Marina Margarita Ravioli, totalmente enrejado. 
Si bien desconocemos el motivo por el que fue enrejado, tememos por el árbol que tiene más de 100 años, siendo que recientemente fue aniquilado el Ombú de Parque Rivadavia que queda frente al jardín.

El jardín queda en el barrio de Caballito, Capital Federal (Campichuelo al 100).

Adjuntamos fotos.

El vallado carece de toda medida de seguridad, hay alambres y fierros salientes oxidados, un verdadero peligro para los niños del jardín. 

Necesitamos un respuesta urgente. 

Gracias.",
12,2018-06-01T16:53:32+0000,130061933687645_2182441575116327,"Hola. Soy una madre del jardin Margarita Ravioli. Hoy nos encontramos con nuestro símbolo , nuestro ombú casi totalmente vallado. ¿por qué?",
13,2018-06-01T16:47:46+0000,130061933687645_2182437551783396,"Hola, apareció vallado el ombú del jardin Margarita Ravioli (Campichuelo 100) vallado ( muy mal vallado, con vallas oxidadas, palos tutores agarrados con alambres, alambres por todos lados) y no sabemos por qué . Con mucho temor que se replique lo sucedido con otros arboles de la ciudad es que les preguntamos desde la comunidad del Jardín: ¿ qué quieren hacer con eso que hicieron hoy?, ¿tienen alguna idea?, ¿cómo se fundamenta esa valla tan peligrosa en un jardín de infantes con 600 niñas y niños que van todos los dias?, ¿responderá un humano esta consulta?. Ana",
14,2018-05-21T17:21:49+0000,130061933687645_2170463402980811,"POR FAVOR PERDI A MI PERRITA!!

 Actualización: la vieron ayer domingo en la esquina de rawson y querandíes #almagro. Ya pase pero no esta.

Me dijeron los vecinos que se la llevaron en un auto en esa misma cuadra.
Por favor la quiero recuperar estoy desesperada!
1123046040",
15,2018-05-14T16:05:11+0000,130061933687645_2162778083749343,"Hola Buenos días, soy vecina del barrio de Caballito. Vivo en el Pasaje José Antonio Terry 275 y en el consorcio tenemos un problema con la vereda. Sucede que el árbol que está en la vereda está obstruyendo el pluvial que desagota en la calle. Como consecuencia de esto, hay un departamento de planta baja que se inunda. Por favor necesitamos que alguien venga a verificar esto y que nos den una solución lo antes posible. Es imposible vivir con una amenaza de inundación constante siempre que llueve. Desde ya agradecemos su ayuda.",
16,2018-05-09T18:43:54+0000,130061933687645_2157388617621623,"Walmart Caballito, meten baldes en el frezzer de alimentos para juntar el agua de las goteras, cuando pasan inspectores por acá ?????",
17,2018-04-30T18:30:17+0000,130061933687645_2147257568634728,"POR FAVOR, HAGAN ALGO ESTAMOS SIN LUZ  EN  DOBLAS Y ROSARIO ( CABALLITO) ESTAMOS SIN LUZ DESDE AYER DE LAS 12 DEL MEDIODÍA Y AUN NO NOS DAN RESPUESTA EDESUR",
18,2018-04-27T01:12:10+0000,130061933687645_2143146092379209,https://www.facebook.com/CaballitoBuenosAires/?ref=br_rs,
19,2018-04-23T14:11:49+0000,130061933687645_2139070759453409,Pesima la comuna 6 tratan mal no atienden en ninguno de los tres telefonos y el que esta a cargo es un mamarracho,
20,2018-04-14T02:46:04+0000,130061933687645_2128552873838531,"Espacio verde pero sin el verde!!  Poda de arbol historico en parque Rivadavia,  no es el primero que cortan en la zona,  se la dan de ecologicos y cortan árboles???  Son de cuarta!!!",
21,2018-04-13T22:56:35+0000,130061933687645_2128387213855097,"Antigua casa Crespo (casa de electricidad que está en Rosario y Centenera, uno de los locales del Mercado del Progreso), no pueden ser mas chantas y estafadores, recomiendo que NO vayan ahí.",
22,2018-04-11T14:46:14+0000,130061933687645_2125583427468809,"Hola, soy vecina de Caballito de toda la vida y en los ultimos 2 años veo que en la esquina de Martin de Gainza y Rivadavia y en la esquina de Garcia Lorca y Rivadavia en direccion Oeste-Este muchisimos automovilistas giran a la izquierda, siendo Rivadavia ahi doble mano y no habiendo ningun semaforo para giro a la izquierda. Tambien vi muchos que giran en U en plena Av Rivadavia. 
Cambiaron las disposiciones viales??? 
Llame al 147 , y tambien reclame muchisimas veces a los policias de la Ciudad que estan en la zona. Solo un par de veces vi policia de transito y por algunas horas. 
No podran colocar una camara o reforzar el control ??
 Se cometen infracciones gravisimas y nadie hace nada! 
Ojala por intermedio de uds se pueda hacer algo
gracias y slds",
23,2018-04-10T02:29:32+0000,130061933687645_2123765130983972,https://www.facebook.com/MatiasLobosdirigente/photos/a.940410766017285.1073741839.934134473311581/1700593779998976/?type=3&theater,Matías Lobos shared a post to Comuna 6 de Buenos Aires's timeline.
24,2018-04-05T19:44:08+0000,130061933687645_2118771271483358,"TALLER DE TEATRO:
""ENTRENAMIENTO ACTORAL (ANTONIN ARTAUD Y JERZY GROTOWSKI)""
DOCENTE: Cristina Armada

INSCRIPCIÓN primer trimestre 2018 (12 clases)

Inicio de Inscripción:
LUNES 12/03/2018

Inicio de cursada:
JUEVES 12 DE MARZO DE 2018

HORARIOS DE CURSADA A ELECCIÓN:

*JUEVES DE 10 A 13 HS

*JUEVES DE 15 A 18 HS

La inscripción se debe realizar en la oficina de cursos & talleres, en el sexto piso del establecimiento (sarmiento 1551, caba).

Horarios de Inscripción y Atención al Público: lunes a viernes de 11 a 20 hs y sábados de 11 a 17 hs.",
