,created_time,id,message,story
0,2018-06-24T00:14:08+0000,132459996767230_2012069445472933,,Lilith Car added a new photo to Comuna 5 de Buenos Aires's timeline.
1,2018-06-11T11:55:21+0000,132459996767230_1992879534058591,"Buen día, por favor, 
Les pido que hagan las planteras donde no las hay para poder colocar árboles.  En Yatay al 1000 vereda par, hay sólo 2 árboles en toda la cuadra. Y están haciendo las veredas hoy lunes 11 de junio. Los obreros me dicen que si no tienen la orden no pueden hacer las planteras.  
Por favor, en la ley de arbolado, artículo 4º inciso c) dice:
""Determinación de la ubicación y tamaño de nuevas planteras, para la plantación de nuevos árboles, previendo que su diseño permita un desarrollo radicular controlado, de manera de no afectar las propiedades ni las cañerías existentes.""
Es urgente, ya que hoy lunes 11 de junio están haciendo esa vereda. 
¡¡¡GRACIAS!!!",
2,2018-05-30T23:21:06+0000,132459996767230_1980045762008635,"NO SE PUEDE CREER LA VIOLENCIA INSTITUCIONAL Y CENSURA EJERCIDA HACIA UNA MUJER DISCAPACITADA DE 62 AÑOS EN REUNIÓN CON LARRETA EN BOEDO, CUANDO FUI RODEADA POR 4 PERSONAS QUE ME SACARON DE LAS MANOS MICRÓFONO Y PAPELES QUE LEÍA. SIEMPRE LOS VOTÉ Y APOYÉ EN SU GESTIÓN, Y TENÍA CÓMO DEMOSTRARLE QUE EN ÁREAS DE GOBIERNO HAY INEPTOS Y CORRUPTOS. EVIDENTE NO SÓLO NO LE INTERESA, SINO QUE SE CREE DUEÑO DE LA CIUDAD CUANDO SÓLO ES NUESTRO ADMINISTRADOR Y TIENE LA OBLIGACIÓN DE DAR RESPUESTAS POR LA GESTIÓN.",
3,2018-05-23T11:52:51+0000,132459996767230_1972035389476339,,Daniel Sanchez Rivera added a new photo to Comuna 5 de Buenos Aires's timeline.
4,2018-05-23T11:52:02+0000,132459996767230_1972034692809742,,Daniel Sanchez Rivera added a new photo to Comuna 5 de Buenos Aires's timeline.
5,2018-05-16T20:38:07+0000,132459996767230_1965121626834382,"CARLOS CALVO 4222 - Cambiaron las veredas de toda la cuadra y la mía no. Aunque esta vereda estaba rota, hundida y con muchas baldosas flojas. Cambiaron las linderas y para eso rompieron más mi vereda, o sea que quedo peor.. Me canse de reclamar y no tuve ninguna respuesta. Que tengo que hacer????",
6,2018-05-16T20:37:41+0000,132459996767230_1965121313501080,"CARLOS CALVO 4222 - Cambiaron las veredas de toda la cuadra y la mía no. Aunque esta vereda estaba rota, hundida y con muchas baldosas flojas. Cambiaron las linderas y para eso rompieron más mi vereda, o sea que quedo peor.. Me canse de reclamar y no tuve ninguna respuesta. Que tengo que hacer????",
7,2018-05-16T20:37:19+0000,132459996767230_1965121090167769,"CARLOS CALVO 4222 - Cambiaron las veredas de toda la cuadra y la mía no. Aunque esta vereda estaba rota, hundida y con muchas baldosas flojas. Cambiaron las linderas y para eso rompieron más mi vereda, o sea que quedo peor.. Me canse de reclamar y no tuve ninguna respuesta. Que tengo que hacer????",
8,2018-05-16T11:47:57+0000,132459996767230_1964694823543729,"La Comisión Directiva de la Junta Central de Estudios Históricos de la Ciudad de Buenos Aires, invita a los vecinos a participar de la  XII Feria y Exposición del Libro de Historia de Buenos Aires.

Dicho evento tendrá lugar entre los días jueves 7 de Junio, hasta el jueves 14 al mediodía, momento del cierre de la misma. 

En esta oportunidad, producto de un acuerdo cultural concretado con el Club del Progreso, la misma se realizará en su sede, ubicada en la calle Sarmiento 1334 de esta Ciudad, en salones del primer piso, en el horario de 11 a 19 horas. 

Como es habitual, se realizarán conferencias, presentación de libros, proyecciones, paneles de expertos, taller y rincón de la lectura, homenajes, espectáculos artísticos, muestra y exposición de libros antiguos, etc.
Entrada libre y gratuita",
9,2018-04-13T15:37:44+0000,132459996767230_1930378600308685,"Esquina de Sánchez de Loria y Moreno, desde Noviembre de 2017 se encuentra en este estado, pregunta: puede un discapacitado por allí?????????????? gracias-",
10,2018-04-13T13:51:34+0000,132459996767230_1930284276984784,"BUENOS DIAS !!! LES RUEGO, PIDO POR FAVOR ENCARECIDAMENTE, QUE SE DÉ INMEDIATA SOLUCIÓN Y SE TAPE Y ARREGLE DE UNA BUENA VEZ LA TRINCHERA QUE TENGO EN LA PUERTA DE MI EDIFICIO DESDE HACE YA UN AÑO !!!!! CALLE ANIBAL TROILO !!! PAGO IMPUESTOS MUY ELEVADOS COMO PARA TENER MI VEREDA EN ESTAS CONDICIONES. HEMOS HECHO INNUMERABLES RECLAMOS EN LA COMUNA Y LA SOLUCIÓN SE DILATA EN EL TIEMPO... ES UN VERDADERA VERGUENZA QUE SE NOS IGNORE DESCARÁDAMENTE DE ESTA MANERA. ESPERO RESPUESTA DE ALGUIEN !!!!! ANDREA ROMANO",
11,2018-04-10T02:28:49+0000,132459996767230_1926586334021245,https://www.facebook.com/MatiasLobosdirigente/photos/a.940410766017285.1073741839.934134473311581/1700593779998976/?type=3&theater,Matías Lobos shared a post to Comuna 5 de Buenos Aires's timeline.
12,2018-04-05T19:43:38+0000,132459996767230_1921912844488594,"TALLER DE TEATRO:
""ENTRENAMIENTO ACTORAL (ANTONIN ARTAUD Y JERZY GROTOWSKI)""
DOCENTE: Cristina Armada

INSCRIPCIÓN primer trimestre 2018 (12 clases)

Inicio de Inscripción:
LUNES 12/03/2018

Inicio de cursada:
JUEVES 12 DE MARZO DE 2018

HORARIOS DE CURSADA A ELECCIÓN:

*JUEVES DE 10 A 13 HS

*JUEVES DE 15 A 18 HS

La inscripción se debe realizar en la oficina de cursos & talleres, en el sexto piso del establecimiento (sarmiento 1551, caba).

Horarios de Inscripción y Atención al Público: lunes a viernes de 11 a 20 hs y sábados de 11 a 17 hs.",
13,2018-03-31T18:48:08+0000,132459996767230_1916302941716251,FELICES PASCUAS PARA TODOS!,
14,2018-03-26T00:03:05+0000,132459996767230_1909807942365751,,Gabriela Delgado added a new photo to Comuna 5 de Buenos Aires's timeline.
15,2018-03-26T00:01:53+0000,132459996767230_1909806675699211,,Gabriela Delgado added a new photo to Comuna 5 de Buenos Aires's timeline.
16,2018-03-26T00:01:11+0000,132459996767230_1909805855699293,,Gabriela Delgado added a new photo to Comuna 5 de Buenos Aires's timeline.
17,2018-03-26T00:00:04+0000,132459996767230_1909804712366074,"Todo muy lindo. Van a tener que empezar a pensar en conteiners blindados e ignífugos. Hoy 3 de la tarde. Solos mi perro y yo en la calle. Dos ""cartoneros"" de 2 mts. de altura, impunidad absoluta. Voltearon el 2° conteiner de reciclables que nos instalan (el primero lo prendieron fuego hace 15 días) barretearon la base hasta romperla, tiraron todo su contenido a la calle, sacaron los que les vino en gana (solo cartón) y el resto desparramado sin nadie que se haga cargo. Tenemos 3 conteiners frente a nuestro edificio (J. Mármol 40) obstaculizan la visión cuando se sale del garaje. A los chicos que juntan la basura se les complica que estos artefactos estén distribuidos en la cuadra. Más fácil todo junto. Los vecinos pagamos el pato. VA A ESTAR BUENO BUENOS AIRES!!! y encima nos quieren vender una campaña para que seamos los vecinos, los que nos ocupemos de mantener nuestra cuadra linda POR FAVOR!!!!!
DNI 13031443 Sumo en otras publicaciones mas fotos",
18,2018-03-18T16:30:04+0000,132459996767230_1901269183219627,"sres de la comuna 5,me dirijo a ustedes para pedirles  porfavor me puedan arreglar la vereda de virrey liniers 874 y sacar un todo que un dia de estos se vuela y hace un desastre,yo ya no lo puedo hacer casi no puedo caminar,desde ya muchas gracias dios los bendiga
24-11-17
18-3-18",
19,2018-03-13T23:09:53+0000,132459996767230_1895529213793624,"TALLER DE TEATRO:
""ENTRENAMIENTO ACTORAL (ANTONIN ARTAUD Y JERZY GROTOWSKI)""
DOCENTE: Cristina Armada

INSCRIPCIÓN primer trimestre 2018 (12 clases)

Inicio de Inscripción:
LUNES 12/03/2018

Inicio de cursada:
JUEVES 12 DE MARZO DE 2018

HORARIOS DE CURSADA A ELECCIÓN:

*JUEVES DE 10 A 13 HS

*JUEVES DE 15 A 18 HS

La inscripción se debe realizar en la oficina de cursos & talleres, en el sexto piso del establecimiento (sarmiento 1551, caba).

Horarios de Inscripción y Atención al Público: lunes a viernes de 11 a 20 hs y sábados de 11 a 17 hs.",
20,2018-03-13T00:50:47+0000,132459996767230_1894408677239011,"estamos esperando que se dignen venir a cortar las ramas de un gomero que llega al cuarto piso de un edificio , sobre billingurst 983.   JUSTO EN ESA DIRECCION. HACE MAS DE CUATRO AÑOS!!!!!!!!!",
21,2018-02-26T17:55:58+0000,132459996767230_1877760838903795,"Buenas tardes, quería consultarles si tienen algún Proyecto en marcha o algún servicio de fumigación para ratas por los Barrios.... vivo en un edificio en la calle Pringles entre Sarmiento y Pte. Peron y hace como un mes y medio que empezamos a  tener ratas en los departamentos, por supuesto que tenemos servicio de desinfección y desratización en el edificio, pero no damos a basto y vienen de la calle, que por cierto donde  también se las ve circulando. Bueno desde ya les agradezco una pronta respuesta, los saluda atte Mónica.-",
22,2018-02-24T14:18:25+0000,132459996767230_1875241755822370,"De nuestra vereda siempre, SIEMPRE nos hicimos cargo de barrerla y baldearla, si Uds. se hacen cargo de la limpieza de los contenedores????? Los vecinos no tenemos las herramientas necesarias...",
23,2018-02-22T18:25:30+0000,132459996767230_1873146746031871,"Reclamo N° 00173035/18, limpieza y vaciado del contenedor , hoy me envían un mail que está realizado, pues les comunico que el contenedor sigue con las mismas bolsas de siempre lleno hasta la mitas  al rato de que pasó el camión que se SUPONE los vacía.  Segunda TOMADA DE PELO  Reclamo 00173056/18 ) Limpieza y desinfección, dicen haberlo realizado, curioso, lo abrieron para limpiarlo y no notaron que no lo habían vaciado, por supuesto no lo limpiaron , para qué????? Les ruego, al menos tengan la bondad de no mandarme esos ""amorosos"" mail diciendo que lo hicieron,  Hágansé responsales DE ALGO!!!!!! No mentir, al menos....",
24,2018-01-31T22:28:35+0000,132459996767230_1849093708437175,Basta de corsos en nuestro barrio! Queremos vivir tranquilos!!,
