,message,label,label_id
0,este pobre peaton pone juego seguridad para cruzar donde estan los controles espacios publicos seguridad sres para cuando cambio,reclamo,0
1,esto esta ocurriendo esquina charcas billinguhrs este momento comuna los controles bien gracias,reclamo,0
2,taller teatro fermin espacio cultural todos los jueves cobramos por clase estamos culpina venite,propuesta,1
3,hola querria saber como hay que hacer para asistir visitas guiadas que realizan gracias,consulta,2
4,fijate como este sinverguenza cobra estacionamiento donde debe serum que algun sinverguenza como apaa sres comuna transito cuando actuaran para que los contribuyentes veamos cambio esto sigue ocurriendo billinghurt ciudad autonoma,reclamo,0
5,solicitud reparacion vereda estimado agustin foxrecibi mail vuestra parte informando que habian resuelto problema reparacion veredas calle mansilla esquina sanchez bustamante caba realidad que fue reparado parte solo sobre calle mansilla parte quedaron baldosas rota salidas que repararon ademas sobre calle sanchez bustamante han reparado tambien habia arbol que han sacado pero raices estan levantaron vereda por otra parte cual criterio reparacion cambio veredas bien responsabilidad del frentista cuadras alrededor han cambiado veredas completas cambio esta esquina doy ejemplos mansilla gallo cambiaron una esquina completa gallo entre mansilla charcas cambiaron casi una cuadra completa billinghurst charcas esquina completay esquina enfrente mansilla sanchez bustamante cambiaron completa hay una casa ortopedia nuestra esquina fue rota por raices arboles contratistas resisten cambiarla completa serio planteo que responsabilidad del frentista cuando estan cambiando veredas completas todo barrio ciudad envio fotos del estado vereda cordiales saludosdr pablo ezequiel bruzzo,reclamo,0
6,cobra donde debe cobra que quiere comprobante,reclamo,0
7,serum que alguna vez este personaje deje robarle gente cobrando estacionamiento donde debe cuando comuna empezara tomar nota estos casos actuar,reclamo,0
8,esta foto muestra como respetan sealizaciones caba esto hoy ocurre comuna sector coronel diaz charcas,reclamo,0
7,esta seal esta todos los sectores ciclovia nadie respeta comuna transito bien gracias,reclamo,0
10,pueyrredon contenedor basura sin tapa escasos metro entrada edificio esposa con movilidad reducida con certificado reclame reubicacion por menos que bajen calle mande mail explicativo agustin fox sin respuesta hasta momento reclamos,reclamo,0
11,pueyrredon entre beruti juncal contenedor basura sin tapa sobre vereda escasos metro entrada edificio con esposa con movilidad reducida con certificado pedi que por menos que bajen calle envie mail aclaratorio agustin fox sin respuesta hasta momento reclamos leonardo vazquez dni,reclamo,0
12,este comercio tiene control saca los tachos vereda durante horas hasta que los retira cebero despues lava los mismos vereda tira agua del lavado calle infraccion como esta todos los dia como emision tiket comprobante compra cual demuestra que cumple con ciertas obligaciones vigentes serum que habilitacion este comersio bilinghurt estara regla,reclamo,0
13,pueyrredon entre juncal beruti instalaron contenedor basura cuya foto anexo hace dia ado causales legales son aplicables para reubicacion confiteria quebec que colinda forma parte nuestro consorcio comercio gastronomicootra causales una consorcista titular certificado discapacidad ley emitido buna causal del estricto sentido comunlos contenedores basura deberian ser colocados frente entrada edificio porque contradice violenta todos los plane programas tendientes mejorar preservar calidad ambiental ciudadcomo asi elementales norma higiene seguridadesta foto ilustra parte basural que han convertido entrada nuestro edificio agustin foxramiro peraltaeduardo macchiavelli rogamos inmediata remocionse imaginan ustedes esto puerta sus viviendas podemos contar con que gob caba permitira que convirtamos vertedero cuadra sinceramente quisiera creer que sique los tiempos del maltrato ciudadano terminaronque finalmente cambiamos,reclamo,0
14,esto ocurre pueyrredon solicitamos remocion soterramiento del contenedorel que segu ciudad produce olorescrea conytaminacion visual promueve manipuleo bolsas,reclamo,0
15,los vecinos recoleta solicitamos que retiren los colchones que han puesto persona que pretenden vivir calle esquina avenida quintana ortiz donde esta pantera rosa adjunto foto interesa llamar porque llevan manta pagamos muchos impuestos via publica lugar para que tiren vivir con colchones bolsas repletas residuos mismo ocurre plaza mujica lainez junin vicente lopez tomen una medida por favor,reclamo,0
16,hola queria hacer reclamo porque plaza republica del paraguay cuenta con luz zona juegos hace tiempo esto los chico juegan oscuras que ahora oscurece muy temprano esperamos que solucionen pronto gracias maria victoria servidio evangelina rudaz,reclamo,0
17,toda noches durante madrugada vienen tirar puerta casa botellas basura los restaurantes del barrio tengo porque tener que despertame escuchando ruido gente que esta tirando basura puerta casaya escribi varios mail comuna nadie respondio espero una solucion definitiva una respuesta comuna esta una foto que tiraron ayer noche,reclamo,0
18,hola escribo porque plaza rodriguez pea entre marcelo paraguay llevamos una semana sin luz que viene siendo bastante peligroso ultimamente con los vecinos que tenemos instalados canil plaza petronila pasto frente ministerio educacion palacio pizzurno ausencia los agentes policia que solia haber esquina rodriguez pea marcelo tgracias,reclamo,0
17,este sinverguenza sige cobrando donde debe tarjeta esto billinghurt quien controla,reclamo,0
20,buen dia por favor pido que hagan planteras donde hay para poder colocar arboles yatay vereda par hay solo arboles toda cuadra estan haciendo veredas hoy lunes junio los obreros dicen que tienen orden pueden hacer planteras por favor ley arbolado articulo inciso dicedeterminacion ubicacion tamao nuevas planteras para plantacion nuevos arboles previendo que diseo permita desarrollo radicular controlado manera afectar propiedades caerias existenteses urgente que hoy lunes junio estan haciendo esa vereda gracias,reclamo,0
21,puede creer violencia institucional censura ejercida hacia una mujer discapacitada aos reunin con larreta boedo cuando fui rodeada por persona que sacaron manos micrfono papeles que lea siempre los vot apoy gestin tena cmo demostrarle que reas gobierno hay ineptos corruptos evidente slo interesa sino que cree dueo ciudad cuando slo nuestro administrador tiene obligacin dar respuestas por gestin,reclamo,0
22,carlos calvo cambiaron veredas toda cuadra mia aunque esta vereda estaba rota hundida con muchas baldosas flojas cambiaron lindera para eso rompieron vereda sea que quedo peor canse reclamar tuve ninguna respuesta que tengo que hacer,reclamo,0
23,carlos calvo cambiaron veredas toda cuadra mia aunque esta vereda estaba rota hundida con muchas baldosas flojas cambiaron lindera para eso rompieron vereda sea que quedo peor canse reclamar tuve ninguna respuesta que tengo que hacer,reclamo,0
24,carlos calvo cambiaron veredas toda cuadra mia aunque esta vereda estaba rota hundida con muchas baldosas flojas cambiaron lindera para eso rompieron vereda sea que quedo peor canse reclamar tuve ninguna respuesta que tengo que hacer,reclamo,0
25,comision directiva junta central estudios historicos ciudad buenos aire invita los vecinos participar xii feria exposicion del libro historia buenos airesdicho evento tendra lugar entre los dia jueves junio hasta jueves mediodia momento del cierre misma esta oportunidad producto acuerdo cultural concretado con club del progreso misma realizara sede ubicada calle sarmiento esta ciudad salones del primer piso horario horas como habitual realizaran conferencias presentacion libros proyecciones paneles expertos taller rincon lectura homenajes espectaculos artisticos muestra exposicion libros antiguos etcentrada libre gratuita,propuesta,1
26,esquina sanchez loria moreno desde noviembre encuentra este estado pregunta puede discapacitado por alli gracias,reclamo,0
27,buenos dia ruego pido por favor encarecidamente que inmediata solucin tape arregle una buena vez trinchera que tengo puerta edificio desde hace calle anibal troilo pago impuestos muy elevados como para tener vereda estas condiciones hemos hecho innumerables reclamos comuna solucin dilata tiempo verdadera verguenza que ignore descardamente esta manera espero respuesta alguien andrea romano,reclamo,0
27,taller teatroentrenamiento actoral antonin artaud jerzy grotowskidocente cristina armadainscripcin primer trimestre clasesinicio inscripcionlunes inicio cursadajueves marzo horarios cursada eleccinjueves hsjueves hsla inscripcion debe realizar oficina cursos talleres sexto piso del establecimiento sarmiento cabahorarios inscripcion atencion publico lunes viernes sabados,propuesta,1
30,felices pascuas para todos,propuesta,1
31,todo muy lindo van tener que empezar pensar conteiners blindados ignifugos hoy tarde solo perro calle cartoneros altura impunidad absoluta voltearon conteiner reciclables que instalan primero prendieron fuego hace dia barretearon base hasta romperla tiraron todo contenido calle sacaron los que vino gana solo carton resto desparramado sin nadie que haga cargo tenemos conteiners frente nuestro edificio marmol obstaculizan vision cuando sale del garaje los chico que juntan basura complica que estos artefactos esten distribuidos cuadra facil todo junto los vecinos pagamos pato estar bueno buenos aire encima quieren vender una campaa para que seamos los vecinos los que ocupemos mantener nuestra cuadra linda por favordni sumo otras publicaciones fotos,reclamo,0
32,sres comuna dirijo ustedes para pedirles porfavor puedan arreglar vereda virrey liniers sacar todo que dia estos vuela hace desastreyo puedo hacer casi puedo caminardesde muchas gracias dios los bendiga,reclamo,0
33,taller teatroentrenamiento actoral antonin artaud jerzy grotowskidocente cristina armadainscripcin primer trimestre clasesinicio inscripcionlunes inicio cursadajueves marzo horarios cursada eleccinjueves hsjueves hsla inscripcion debe realizar oficina cursos talleres sexto piso del establecimiento sarmiento cabahorarios inscripcion atencion publico lunes viernes sabados,propuesta,1
34,estamos esperando que dignen venir cortar rama gomero que llega cuarto piso edificio sobre billingurst justo esa direccion hace cuatro aos,reclamo,0
35,buenas tardes queria consultarles tienen algun proyecto marcha algun servicio fumigacion para ratas por los barrio vivo edificio calle pringles entre sarmiento pte peron hace como medio que empezamos tener ratas los departamentos por supuesto que tenemos servicio desinfeccion desratizacion edificio pero damos basto vienen calle que por cierto donde tambien circulando bueno desde agradezco una pronta respuesta los saluda atte monica,consulta,2
36,nuestra vereda siempre siempre hicimos cargo barrerla baldearla uds hacen cargo limpieza los contenedores los vecinos tenemos herramientas necesarias,reclamo,0
37,reclamo limpieza vaciado del contenedor hoy envian mail que esta realizado pues comunico que contenedor sigue con mismas bolsas siempre lleno hasta mitas rato que paso camion que supone los vacia segunda tomada pelo reclamo limpieza desinfeccion dicen haberlo realizado curioso abrieron para limpiarlo notaron que habian vaciado por supuesto limpiaron para que ruego menos tengan bondad mandarme esos amorosos mail diciendo que hicieron haganse responsales algo mentir menos,reclamo,0
38,basta corsos nuestro barrio queremos vivir tranquilos,reclamo,0
37,escribo como vecino del barrio simon bolivar una nueva empresa macchi ocupa del espacio verde que tenemos acabo hablar con ella contesto malos modos estan haciendo ruido insoportable contaminante justamente para cuidar espacio verde comienzan ante algo que esta prohibido pueden hacer semejante escandalo para juntar hojas claramente negociado que tiene sentido ecologico atiende los vecinos hay muchas disposiciones que prohiben aqui mundo maquinas sopladoras que estos empresarios obligan usar sus empleados quedo espera una respuesta muchas gracias,reclamo,0
40,hoy tenemos clases teatro cobramos por clase venite,propuesta,1
41,hola sigue caos avrivadavia nazca cuando volveran los controles para semaforo los peatones sufrimos para cruzar como corresponde,reclamo,0
42,taller teatro fermin espacio cultural todos los jueves cobramos por clase estamos culpina venite,propuesta,1
43,buenas tardes realice solicitude para recoleccion residuos poda jardineria domiciliaria indican por mail que solicitud fue resuelta los residuos siguen puerta del domicilio los numeros solicitude son podran asistirme para concluir efectivamente con gestion iniciada muchas gracias,reclamo,0
44,laura pereyra min ayer conte una series tramites que realice comuna sub comuna calle emitre denuncia numero levantar animal muerto via publicadia esta maana mientra desayunabamos hector lopez por ventana barrendero auto lugar del cadaver mostrado ayer por sentado que sacaron dice esta trabajador automovilista hablaron rieron buen rato abro compu gobierno ciudad habia mandado correo preguntando como esta satisfecha con unas caritas con los mohines que conocemos emoticones respondi satisfecho tomando que compaero habia dilucidadomediodia salgo encuentro con cadaver rata pero limpita habia barrido hojas ayer solo estoy ante una tomada pelo que reitere denuncia ademas veo perfil psicotico barrendero ayer quiso levantar dijo que ser humano que tienen pestes hoy limpia charla lado varios minutos jode hablar trabajador pero esto que pasaayer comi burlas importasi indiferente plagas ciudad tenes hijos mascotas simplemente jode pagar impuestos que vivan haciendo propaganda haciendo buenos aire gastando solucionan unaaqui foto hoy limpita foto ayer con hojas grandes que hoy barrio,reclamo,0
45,laura pereyraayer salgo esta maana casi piso una rata muerta calle ante subir auto estaba limpieza empresa que contrata gobcaba acerco saludo buenos dia supongo que vio porque paso pero hay dejo terminar pero soy ser humano pido que tome con manos tiene elementos responde sabe pestes que tienen esos bichos corresponde fui medico regrese saque fotos bicho muerto fui sede comuna parque chacabuco atendio sra muy atenta pero ahi hay nada dice que vaya urgente comuna rivadavia culpina piso que ahi estan los comuneros para ahorrar tiempo asi con este hermoso dia fui atendio una sra muy atenta laura llama toma datos direccion digo que puerta garage casa lindera bueno vaya casa llameme pase regrese tome llame dice que tome nota este numero que para desratizar cuadra pregunto perdon bicho muerto tenia que levantar barrendero avise perdi horas vida viaje gaste moje bicho seguira ahi con peligro que los vecinos salgan con sus mascotas queria que dijeran donde conseguir control plagas nada perdon por foto pero quiero documentar,reclamo,0
46,sres comuna vivo denominado barrio simon bolivar avenida eva peron curapaligue baldomero fernandez moreno davila tenemos privilegio contar con parque interno donde disfrutado nia sus instalaciones juego hoy estado lamentable sus lajas absolutamente rota por arboles como palo borracho araucaria ombu otras especies que con sus raices han destruido los senderos que por ser municipal puede ser modificado por los vecinos problema que municipalidad ocupa del tema hoy quienes somos grandes aun los nios podemos disfrutar tan hermoso espacio pese innumerables encuestas opinion que somos sometidos para saber que hacer con los fondos que ustedes disponen propuestas que ofrecemoscuando daran una respuesta concreta con hechos simplemente con promesas por ejemplo hacer alrededor del predio juegos una pista para hacer caminatas instalar elementos para ejercicio juegos inclusivos para nios con capacidades especiales asientos que permitan descanso disfrute del sol ordenar arboleda impidiendo que siga rompiendo veredas con gran riesgo para los transeuntes,reclamo,0
47,gracias comuna por mantener siempre olvido flores sud flores avenida rivadavia nada mientras esquina mariano acosta velazquez sigue llena escombros boulevard sin mantenimiento hace falta que mencione zona liberada del barrio cierto que ahora hay policia pero estan dia los invito una noche zona para que conozcan falta autoridad gracias espero pronta respuesta atencion,reclamo,0
48,haber desde comuna puede colaborar para que gente recupere luz rivadavia bolivia etc,reclamo,0
47,pea como resultado gestion queda barrio flores sin arboles harte solicitarle,reclamo,0
50,hola sigue siendo caos cruzar sobre avenida nazca senda peatonal como asi los malos estacionamientos auto paradas colectivos sobre rivadavia abrazo,reclamo,0
52,taller teatroentrenamiento actoral antonin artaud jerzy grotowskidocente cristina armadainscripcin primer trimestre clasesinicio inscripcionlunes inicio cursadajueves marzo horarios cursada eleccinjueves hsjueves hsla inscripcion debe realizar oficina cursos talleres sexto piso del establecimiento sarmiento cabahorarios inscripcion atencion publico lunes viernes sabados,propuesta,1
53,che claudia guillermolos comunerossigan haciendo obras forma fraudulentaspoda arboles por intermedio sus amigo del colegio artigas moronmuy contentos con nuevo estacionamiento sobre mano izquierda artigas entre moron felepe vallessesigar roban,reclamo,0
54,quisiera saber por que asfaltaron terrada desde avellaneda gaona hay una ley que protege adoquinado dicho adoquinado por cierto estaba malas condiciones quizas requiriera algun mantenimiento pero era preservarle,reclamo,0
55,estimados vecinos hicimos varias solicitude notas para gestionar instalacion uno contenderos aparte del que esta esto debe los permisos que mismo gobierno ciudad para levantamiento edificaciones tambien nueva incorporacion nuevos negocios todo esto hace que cantidad basura acumulada contenedor sumado que barrendero pasa todos los dia cuando pasa deja acumulada basura junto bolsas que lleno tambien ocupando espacio reservado por discapacidad que encuentra junto dicho contenedor hubo inspector que tomo decision que era necesario agregar dicho contenedor parece que muchos vecinos estamos equivocados requerimos que agregue menos contenedor rivera indarte,reclamo,0
56,hola sigue caos para cruzar rivadavia nazca por invasion senda peatonal auto colectivos camiones cuando tomara una decision seria definitiva abrazo,reclamo,0
57,quiero saber como hago para que corran contenedor basura que tengo venta habitacion nena aos que innunda olor podrido constantementelos comercios zona carnicerias verdulerias arrojan sus desperdicios situacion insosteniblehice reclamo via web dan solucion,reclamo,0
57,taller teatro para jvenes adultos flores veni descontracturar salir rutina espacio puntoarte lugar encuentro bonorino altura rivadavia informes inscripcin whatsapp mensajes por mail poulainteatrogmailcom,propuesta,1
60,por favor hagan algo con gente que quema cable basura terreno baldio bajada viel autopista mayono puede vivir con olor plastico basura quemada tengo criaturas pequeas que pueden respirar primera vez que ocurre que denunciamos policia noche esta aprovechan para realizar quema sin mencionar peligro incendio los arboles que alli encuentran medianas casas lindera terreno hacen fuego contra paredes casas por favor pongan rejas algo para que instalen allimuchas gracias,reclamo,0
61,hola buen dia fueron los controles transito avnazca rivadavia volvio caos para los peatones abrazo,reclamo,0
63,santos dumont guevara hicieron esquina palito ortega inauguraron con bombos platillos hoy simbolo decadencia que estamos cero mantenimiento todo mamarracho auto abandonados basura vereda terror tengo muchas fotos pero deja subir que una,reclamo,0
64,otra cuadra olvidada,reclamo,0
65,otra santos dumont,reclamo,0
66,esto tambien comuna santos dumont harta reclamar,reclamo,0
67,buenas tardes deseo que este mail llegue seor jorge lucchesi han olvidado todos este barrio hace aos que podan los arboles arreglan veredas inundahace unos facultad agronomia que nuestra vecina organiza una feria agronomica excelente realiza los segundos fine semana cada esos dia los vecinos podemos salir nuestras casas auto contramano adultos nios orinando los arboles auto arriba plazoleta nogoya san martin ochavas arriba veredas fin caoslos estudiantes tiene permitido estacionar dentro del predio facultad alquila espacio que tenia para los estudiantes sea los auto barrio desde maana hasta noche suciedad hojas por todos lados que barrendero tener imposibilidad retira sin limpiarseria interesante poder conversar personalmente con alguna autoridad comuna para que podamos solucionar estos problemas,reclamo,0
68,este auto lleva medio abandonado paternalhice todos los reclamos correspondientes cuando llevan,reclamo,0
67,taller teatroentrenamiento actoral antonin artaud jerzy grotowskidocente cristina armadainscripcin primer trimestre clasesinicio inscripcionlunes inicio cursadajueves marzo horarios cursada eleccinjueves hsjueves hsla inscripcion debe realizar oficina cursos talleres sexto piso del establecimiento sarmiento cabahorarios inscripcion atencion publico lunes viernes sabados,propuesta,1
70,segun mapa ciudad comuna luce son led dejo una foto iluminada que esta cuadra,reclamo,0
71,hola paso foto del estado los tachos adolfo dickman altura gracias por hacer posible por solucionarlo brevedad,reclamo,0
72,taller teatroentrenamiento actoral antonin artaud jerzy grotowskidocente cristina armadainscripcin primer trimestre clasesinicio inscripcionlunes inicio cursadajueves marzo horarios cursada eleccinjueves hsjueves hsla inscripcion debe realizar oficina cursos talleres sexto piso del establecimiento sarmiento cabahorarios inscripcion atencion publico lunes viernes sabados,propuesta,1
73,llego casa despues trabajar encuentro que por debajo puerta dejaron flyer invitando los vecinos una reunion por tema inseguridad hubiera querido tengo denuncias que hacer unico que sugiero que avisen por menos dia ante gracias,reclamo,0
74,buenos dia necesito saber donde solicita repintado salida garaje entrada salida permanente vehiculos pesar tener sealizacion cartel correspondiente ser vereda prohibida estacionamiento padecemos diario estacionamiento vehiculos carga descarga camiones cualquier hora sobre entrada garaje invadiendo parte ella obstaculizando preligrosamente salidas los vehiculos zona esta pintada momento por gobierno ciudad quiero saber ahora donde dirigimos que den una solucion saludos,reclamo,0
75,hace aos que vengo pidiendo reductores velocidad otro choque hoy,reclamo,0
76,sin azar por favor compartirperdidase perdio nuestra gatita azar noche del miercoles zona villa urquiza parque chas cerca del hospital tornupor favor alguien vio tiene informacion tiene transito para protegerla necesitamos que avisen desde agradezco difusionescribime inbox del facebook ayitorlivecomar villa ortuzar distrito federal argentina,consulta,2
77,estimados comuna siendo vecina plaza benito nazaren antezana estimo murgaspero vienen ensayarsupuestamenteporque unico que hacen hacer ruido veces semanade cualdebido los alto decibeles intolerablesdurante aprx horas cada vez que vienenles pedimos por favor pueden reveer temasi bien tienen permisopero que menos vengan plaza mencionada sola vez semana reprogramarles ensayos otros sitiossi bien entiendo que cultura murgala cual disfruto ver los corsos todo frente nuestro edificiovienen todo aono epoca carnavaleses murga los dichosos villa crespoespero respuesta ante posibleayer sabado hombre mayor bajo pedirles por favor que pararan porque sentia mal tocaron aun fuerte delante persona todos los que tratabamos buscar una solucion que beneficie ambas partesmurgueros vecinosparticipe reuniones con larretaexponiendo tema prometio una soluciono menos ver que podian proponer los murguerospero naday vienen todo aono solo epoca carnavaldesde muchas graciasy espera pronta solucion temaconfio buena predisposicionla plaza han dejamo hermosacon placasjuegos nuevoscuidadoracanilverde floressistema riegovigilancia policiabandera nuevapero por favor revean tema murga,reclamo,0
77,hola acabamos crear grupo para los animales cada comuna con fin centralizar adopciones perdidos encontrados tratando focalizar los esfuerzos por zonaaca dejo link del grupo para comuna,propuesta,1
81,urgente emergencia vialmicros mal estacionados colonia vacaciones del gobierno ciudad colapsan avenida beiren dia hoy vecinos zona han hecho llegar preocupacion por los accidentes que pudieran ocurrir raiz esta mala conducta vialcomo todos sabemos esta prohibido estacionar avenidas pero parece que esto corre para los micros colonia vacaciones del gobierno ciudad que dejan estacionadas sus unidades una decena sobre avenida beiro altura del hospital roffo entre avenida san martin terrada entre hspor supuesto presencia tantos vehiculos porte reducen calzada carril quitan visibilidad ponen riesgo los vehiculos que desean ingresar avenida desde calle argerich que deben hacer ingentes maniobras para poder acceder arteria principalmas riesgo siniestros aun producen los micros mal estacionados altura beiro terrada esa esquina tiene semaforo que permite doblar izquierda dejando detenido transito esos momentos queda tan solo pequeo desfiladero para quienes desean continuar por beiro hacia tunel que ven obligados pasar entre los micros estacionados los auto detenidos que desean doblarlos vecinos que acercaron este reclamo remarcan que esquina argerich beiro sin semaforo muy peligrosa estan produciendo accidentes manera frecuente presencia estos micros incrementa aun inseguridad vialno sabemos quien quienes son los responsables esta decision pero necesario que asignen los choferes espacio seguro estacionamiento para sus micros manera que obstruyan transito ponga peligro gente respeten leyes transito sobre todo esto ultimo esperable unidades que estan trabajando para gobierno ciudad que deberian dar ejemplo infringir norma,reclamo,0
82,actualizoest trnsito alguien buscatrnsito por favor est lastimado copioste perrito esta entrada del edificio donde esta oficina muy cansado parecer caminado mucho tiene una pequea lastimadura pata trasera derecha poco flaco tengo forma retenerlo luis campos alguien puede ayudarpor favor difundanpost original,consulta,2
83,seguimos buscando harryayudenme difundir foto asi entre todos podemos encontrar gracias,consulta,2
84,ayudaaaaase perdi pepom villa crespovalentin virasoro caba machoblanco con marroncito punta orejas abajo boquita aosin castrar tena collardifundan duea est muy angustiadacontacto,consulta,2
85,plaza agosto hace que los juegos los aparatos ejercicios estan rotos espero que reclamo llegue destino,reclamo,0
86,comuna una mierda que hay calles santa rita eso devoto,reclamo,0
87,dia buscando pepper,consulta,2
88,busco mascota,consulta,2
87,comuna necesito que poden arbol navarro pero desramaje poda rama meten ventana superior casa vienen palomas dejan insectos por favortambien que hagan vereda que estan trabajando calle navarro direccion navarro pedido construccion pozos sumideros tambien esta calle esta direccionespero respuesta que los reclamos estan hechos por saludoshayde parra navarro,reclamo,0
70,bueno esta muerte arbol producida por mano del hombre ser destructivo tierra segun mentes brillantes comuna mandaron sacar porque tenia pinch plaza estan llenas nios palos borrachos esos pinchan quienes son los que planifican arbolado publico cortaron una parte corazon ahora espero que reparen vereda pluvial ese fue reclamo por acaso vecinos pidan poda sus rboles porque gente comuna puede llegar cortar sus cabezas sin avisar adios arbol querido,reclamo,0
71,ste reclamo para que saquen arbol baigorria caba pedi que corten raices arreglen vereda pluvial esta obstruido aos reclamos para que vengan sacar hermoso arbol saquen rbol,reclamo,0
72,aslo dejatron hoy los hijos puta que vinieron podarlo dijeron los vecino que maana van sacarquesiera saber quien pidio que saquen arbol que representya ningun peligro por que van sacar arbol que regalo hijo para recuerdo familia tienen ningun derecho matarlo ineptos inutiles aos pidiendo que hagan mantenimientoquiero que dejen arbol,reclamo,0
73,asi estaba arbol,reclamo,0
74,reiteracion pedido,reclamo,0
75,pedido corte raices reparacion vereda,reclamo,0
76,podran pasar direccion del punto verde que corresponde zona perdi folleto que tenia creo que era por salvador maria del carril cerca plaza devoto para los residuos contaminantes como por ejemplo pilas celulares viejos punto verde lope vega elpidio gonzalez pueden dejar ese tipo residuos,consulta,2
77,seor guzzini que pasa con los barrenderos quien los controla calle lamarca entre lascano alv jonte trabaja barrendero terrible cantidad hojas caidas que hay tapando los desagues que limpien calles hagan algo por vecindario gracias saludos,reclamo,0
78,gusta sumen voto,propuesta,1
77,buenos dia queria reclamar arreglo del patio juegos nios calesita plaza juan justo boyaca que esta rota hace hay muy pocos juegos estan buen estado gracias,reclamo,0
100,seor jefe comunal quiero por este medio solicitar den una pronta respuesta solicitud nro solicitud como puede ver nueva esta ultima hace ocho aos que estoy solicitando mismo,reclamo,0
101,cuadra simbron vereda par sencillamente asco veredas rota sucias terreno baldio que junta ratas bichos gente maleducada que saca pasear sus mascotas dejan loque hacen veredas quien controlao solo trabajan zona plaza para foto,reclamo,0
102,quien donde tengo que dirigirme para que saquen los gatos cuadra donde vivo simbron san nicolas lloran toda noche ensucian jardin dejan feo olor aparentemente son una casa abandonada que hay cuadra realmente desagradable espero respuesta solucion entiendo que defienda los animales pero tengo porque compartir casa con animales pues gustan,reclamo,0
103,sres del gobierno ciudadquisiera dejar asentado una queja que madre persona aos hoy cayo vereda rota por falta espacio pedir solucion que expliquen sobre tema que sucede largo avenida juan justo juan justo entre helguera argerich que tiene metrobus transito rapido los locale dejan sus vehiculos subidos vereda estacionados todo dia dejando apenas vereda para que alguien circule caminando teniendo cuenta que veredas estan rota opciones que hay son pasar por ahi caerse bajar calle que auto pise creo que ninguna son bueno eleccionespuntualmente juan justo veredas estan rota arreglan ustedes los dueos hay vecinos que hicieron varios reclamos ademas son talleres mecanicos fabricas que dejan entre camionetas estacionadas sobre vereda mientras que fabrica deja pallet auto carro elevador mecanico para levantar los palletes esto sucede todos los dia todo dia suman que misma cuadra hay veredas rota juan justo desde estan los contenedores sobre vereda vereda esta rota con obra construccion pueden deducir que una cuadra imposible caminar dato menor que tapa aysa estan toda rota lamentable que uno pague sus impuestos vea reflejado lugar que vive estamos hablando situaciones cotidianas basicas como caminar por una vereda solo eso pedimosesperamos una pronta respuesta resolviendo este problema para que haya persona piso con fracturas,reclamo,0
104,podan los arboles plaza avenidas para que gente vea inunda casa quieren podarme parte arriba los platanos que esta encima casa casi mato subiendo techo despejar rejilla canaleta ademas raices levantaron pavimento agua circula los sumideros inunda calle vereda casa,reclamo,0
105,manden santa lucia planifico bicisenda juan garcia sabe que hace por favor hagan algo que perjudique los vecinos dejen los negociados personales lado inesplicable que efetue esta obra una arteria que acumula trafico muchas veces por largo tres cuadras desde nazca hasta cuenca pero existe motivo que justifique espero palabra del genio pero ante visite profesional del santa lucia porque parece que anda mal vista,reclamo,0
106,solicite semaforos para arteria juan agustin garcia bicisendas deberian mandar que ocurrio hubicarlas santa lucia siendo fino apreciacion porque realmente nadie con dedos frente puede dictaminar semejante barbaridad ser que sea negocio puede entender que una arteria que circulan infinidad vehiculos que determinados horarios llena dese nazca hasta cuenca esperando que habra semaforo nazca ubique este servicio que avance sino una total complicacion para circulacion del trafico gustaria saber quien sentarme frente para que explicaciones sobre esta determinacion pero creo que cara para hacerlo porque realmente sabe que hace toda formas dejo inquietud quiere contactarse conmigo puede hacerlo que tengo para decirle algo sobre zona que realmente hace falta villa santa rita pero por favor visite algun profesional santa lucia ante porque sino podra ver realidad esta zona,reclamo,0
108,hola que denuncias llegan nadie como siempre pero controlen cantidad camiones pie super pesados que cruzan barrera empedrado ricardo gutierrez circulando por santo tome casas estan rajando toda solo aviso para que cuando pase una desgracia quede como antecedente,reclamo,0
107,taller teatroentrenamiento actoral antonin artaud jerzy grotowskidocente cristina armadainscripcin primer trimestre clasesinicio inscripcionlunes inicio cursadajueves marzo horarios cursada eleccinjueves hsjueves hsla inscripcion debe realizar oficina cursos talleres sexto piso del establecimiento sarmiento cabahorarios inscripcion atencion publico lunes viernes sabados,propuesta,1
110,horacio rodriguez larreta fui infinidad veces reuniones barriales llamado veces por que hay gente usurpando espacio publico situacion calle una plazoleta que esta barrio coghlan calle roque perez tamborini estan hace aos uds hacen nada por ellos por los vecinos que aguantamos hacen sus necesidades calle puede utilizar espacio publico con familia extorsionan visitas que estacionan sus auto calle por favor hagan algo,reclamo,0
111,sandra uralde junio este gatito esta mendoza combatientes malvinas esta enfermoyo tengo plata para llevarlo veteconstanza quiso llevar pero dejoes urquiza por favor alguien pueda ayudar,reclamo,0
113,hola mando foto vereda rota calle bazurco raices del arbol tengo hecho reclamo varias veces nunca tuve respuesta del municipio pague unas persona que pasaron arreglaron hace aos,reclamo,0
114,hoy estacion rivadavia tren mitre nuez caba aparecio recien nadie reconoce,consulta,2
115,ofrezco para cuidado persona mayores clinica casas por priv camila,propuesta,1
116,todo dia todos los dia estaciona vereda,reclamo,0
117,recien llamaron dieciendo tuve problemale dije que numero queres hablar corto ojo amigo finde largo,propuesta,1
118,denuncie ayer por mensaje privado facebook siguen sin hacer nada esquina bauness roosevelt bauness villa urquiza,reclamo,0
117,aparecio los inca victorica hsparque chastenia pretal sin chapitaparece perdido por favor lugar tengo ambiente gatos tengo miedo por gatosmi cel esta castrado,consulta,2
120,desde pido por los canales recomendados internet telefono arreglo vereda galvan rota por raices del tilo que alguna vez iluminado recomendo plantar reitero los reclamos pero sin respuesta unicamente que dio intervencion area especifica como desconoceran trabajo puedo emprenderlo particularmente porque deberia cortar raices cometiendo delito dao publico mientras tanto vereda sigue rompiendo demas esta decir que estoy absolutamente dia pago del abl tampoco han demarcado calzada indicando que puede estacionar entradas garage que trae aparejado que conductores desaprensivos vecinos estacionen invadiendo los accesos teniendo tampco respuesta convocar autoridades policiales pues ademas una posible infraccion necesito remocion los vehiculos mal estacionados solicito solucion estos inconvenientes que solo esta manos autoridades ciudad daniel miguel mongioi dni telefonos son por favor podran responder,reclamo,0
121,desde pido por los canales recomendados internet telefono arreglo vereda galvan rota por raices del tilo que alguna vez iluminado recomendo plantar reitero los reclamos pero sin respuesta unicamente que dio intervencion area especifica como desconoceran trabajo puedo emprenderlo particularmente porque deberia cortar raices cometiendo delito dao publico mientras tanto vereda sigue rompiendo demas esta decir que estoy absolutamente dia pago del abl tampoco han demarcado calzada indicando que puede estacionar entradas garage que trae aparejado que conductores desaprensivos vecinos estacionen invadiendo los accesos teniendo tampco respuesta convocar autoridades policiales pues ademas una posible infraccion necesito remocion los vehiculos mal estacionados solicito solucion estos inconvenientes que solo esta manos autoridades ciudad daniel miguel mongioi dni telefonos son por favor podrian responder mande como,reclamo,0
122,buscamos simn desde domingo que vuelve dormir casa zona saavedra blanco con orejas cola apenas naranja bastante grande sus ojos son celestes asustadizo suele responder cuando llaman llevaba collar cuando perdio suele irse que rato veces durante dia pero nunca pasa tanto tiempo lejos casa agradece cualquier informacin difusion muchas gracias,consulta,2
123,comunero tengo hecho pedidos para corte raices realizacion dicha vereda dijeron que realizaron dije que que esto asi ello figurada que habia realizado dicho pedido alli tomaron otra vez pedido asi que desde estoy haciendo dicho reclamo sin obtener resultado alguno dicha solicitud estan bajo siguiente numero tramite,reclamo,0
124,dia miercoles mayo empezaron pintar los bancos plazoleta san isidro abrador sabia que era una semana lluvia que iba seguir asiempezaron pintar sin terminar pusieron una cinta para pasar dejaron inconcluso trabajo sacaron cinta menos mal que siguieronahora pregunto preveen que llover paso respondan los mensajes por favorgracias,reclamo,0
125,quiero que ocupen cosas como hago para que llame roca verguenza quiero efectividad,reclamo,0
126,perdon hay recital malvinas argentina arg junior salta cama compania esto tiene acustica control,reclamo,0
127,comuna esto hsieron cuando vinieron emparchar afalto con maquina rompieron cordon vereda rbalbin estan saliendo baldosas por fabor hurgente por que tapa salida del agua,reclamo,0
127,taller teatroentrenamiento actoral antonin artaud jerzy grotowskidocente cristina armadainscripcin primer trimestre clasesinicio inscripcionlunes inicio cursadajueves marzo horarios cursada eleccinjueves hsjueves hsla inscripcion debe realizar oficina cursos talleres sexto piso del establecimiento sarmiento cabahorarios inscripcion atencion publico lunes viernes sabados,propuesta,1
130,buen diatengo reclamao realizado desde por una reparacion cordon cuneta que acumula agua corre como corresponde desde esa fecha que tengo ninguna respuesta positiva solamente dicen que reclaman ente que corresponde necesitamos una solucion cuanto antesnro solicitud,reclamo,0
131,gustaria ver los salones casamiento,consulta,2
132,hoy viernes santo villa urquiza sobre calle nahuel huapi andan jovenes que dicen ser control ciudadano del gcba pidiendo datos papeles los que tienen espacio reservado para discapacitados tomando fotos cuando dijimos que ibamos llamar dijo que hicieramos tanto quilombo que iba sacar fotos del auto citarnos cgp queriamos saber estos controles fueron mandados por comuna dia feriado solicitando que uno baje datos toda vez que habia calle cuadras que sali caminar por villa urquiza ningun policia ciudad,reclamo,0
133,comuna desde dia viernes pasa barrendero encuentran toda calles llenas basura gavilan lado del conten lado del contenedor hay rama poda domiciliaria llevan gracias pueden hacer algo por por solucionarlo,reclamo,0
134,peero perdido plaza villa pueyrredon difundirr,consulta,2
135,hola todos busco vecinos que puedan ayudarel miecoles tuve accidente bajando del colectivo linia cerro puerta puso marcha mano quedo enganchadavy fui arrastradanecesitaria algun vecino que hayan podido ver algogracias por leerme ojala pueda encontrar ayuda,consulta,2
136,comuna buenos aire asi como siempre peleo por seguridad nuestra querida plaza fumarola sus alrededores hoy quiero agradecer que desde viernes hay patrullero entrada forma permanentesto tranquilidad los vecinos que sentimos protegidos podemos disfrutar del lugar nuevamenteespero que continuen brindandonos seguridad proteccion gracias,reclamo,0
137,para realizar parque estacion decidio desafectar por completo los galpones ferroviarios que permitian formaciones larga distancia alistar los furgones para los servicios pampa general pico bragado etc funcion que hoy presta para justificar desafectacion hoy existe servicio semanal lugar diario intenta tambien desafectar playa larga distancia caballito para poder realizar negocios inmobiliarios mientras mienten los vecinos contandoles que ellos definiran fin los terrenos desafectados hay plane para construir donde claramente participan los vecinos mismo ocurrira playa once aparece habilitacion para construir viviendas nuevo codigo urbanistico,reclamo,0
137,estimados vecinos plaza primero mayo recientemente arreglada con colocacion pasto plantas quedo verdaderamente hermosa pero necesario educar los que tienen mascotas para que anden sueltas para eso tienen enormes caniles que generalmente estan vacios con muy pocos animales traten usar cesped para caminar como fotos para largar sus mascotas den soporte persona que cuidan plaza que intervienen generalmente son agredidos verbalmente,reclamo,0
141,necesario regar una plaza cuando llueve,reclamo,0
142,taller teatroentrenamiento actoral antonin artaud jerzy grotowskidocente cristina armadainscripcin primer trimestre clasesinicio inscripcionlunes inicio cursadajueves marzo horarios cursada eleccinjueves hsjueves hsla inscripcion debe realizar oficina cursos talleres sexto piso del establecimiento sarmiento cabahorarios inscripcion atencion publico lunes viernes sabados,propuesta,1
143,quiero felicitar quien ocurrio sencilla eficaz idea colocar monticulos tierra plaza mayo esto corta amplio espacio que era utilizado como cancha futbol impidiendo que creciera pastopor otra parte solicito retirar luminarias con foto celda que fueron colocadas con motivo antigua cancha por menos que enfoca edificio lindero con plaza sobre calle pichincha que molesta quiere dormir con persiana levantadagracias espero que den curso este pedidoelsa delboscopichincha piso contrafrente,reclamo,0
144,por favor reubicar este contenedor entre rio,reclamo,0
145,buenas noches por favor pueden ver reubicacion contenedor basura que colocaron erroneamente entre rio junto pusto flores puesto fue golpeado por contenedor rompieron techo cuando colocaron contenedor estaba entre rio colegio san martin hace aos estaba alli por favor solicito reubiquen nuevamente donde estaba muy agradecida,reclamo,0
146,taller teatroentrenamiento actoral antonin artaud jerzy grotowskidocente cristina armadainscripcin primer trimestre clasesinicio inscripcionlunes inicio cursadajueves marzo horarios cursada eleccinjueves hsjueves hsla inscripcion debe realizar oficina cursos talleres sexto piso del establecimiento sarmiento cabahorarios inscripcion atencion publico lunes viernes sabados,propuesta,1
147,los esperamos talleresgratuitos programaculturalenbarrios,propuesta,1
148,urgenteeee,reclamo,0
147,hola acabamos crear grupo para los animales cada comuna con fin centralizar adopciones perdidos encontrados tratando focalizar los esfuerzos por zonaaca dejo link del grupo para comuna,propuesta,1
150,por favor tengan cuenta los reclamos estan demoliendo calle rioja sin tener permiso obra desde esta maana que estoy llamando todos los telefonos correspondientes han mandado inspector,reclamo,0
151,buen dia hace varios dia que origino bache medio senda peatonal sarmiento pasteur balvanera hay reclamos por favor envien urgente personal idoneo para reparacion hoy casi cae vidente por esta causa gracias,reclamo,0
152,larrea perony empezamos multar imposible caminar por alli todos tiran basura cualquier lado,reclamo,0
153,somos muchos los corremos pza vuelta obligado pichincha garay brasil por otros pques del barrioen ninguno hay bebedero funcionandoentiendo vandalismo tiene poco culpapero seria bueno invertir ello para beneficios todos,reclamo,0
154,como puede hacer para que gente esquina catamarca humberto que tienen deposito comida para animales deje romper interrumpir paso con camionetas camiones estacionan ochava tapan los pasos para discapacitados varias veces durante dia ahora han roto vereda que subieron vehiculo pesado esta hundida puede pasar con changuito menos carrito menos una silla ruedas esta gente tomo como deposito vereda baja los camiones toda mercaderia apila vereda por favor alguna vez pasen haganles una multa algo imposible pasar por esa esquina durante horas maana sobe todo gracias,reclamo,0
155,llegue hace apenas rato plaza julio fumarola abandonada manos dios desde hasta pasadas hoy lunes los vecinos debimos cuidar plaza habia perros grandes sueltos por toda plaza trepandose mesa donde los vecinos estabamos tomando mate muchachos estado ebriedad tomando alcohol con equipos audio todo volumen nios trepandose los arboles sus padre mirandolos como nada pasara indigentes con colchones descansando como fuera casa adulto utilizando arboles como bao quisiera que ustedes que son quienes nosotros elegimos para que protejan digan que van hacer que tanto espacio publico como los vecinos estamos absoluto estado abandonohasta cuando espero que tengan decencia dar una respuesta este reclamo puede ser que los vecinos seamos quienes cuidemos plaza contratennos menos haremos con fin justificado,reclamo,0
156,por favor que quedo protocolo antipiquete puede circular calle esta tomada por quienes trabajan tienen plane van cobrar bono fin aoausencia total del estado larreta bullrich deberian accionar por plaza bicisenda que hagan esta ciudad esta colapasada,reclamo,0
157,medio pero necesito que alguien haga algo facultad sociales calle santiago del estero una verguenza nacional mugre terrible causada por los cursantes ratas noche pueden ver cruzar por los patio aulas toda noche con luce prendidas soy vecina tengo video fotos puerta gas que debe estar reglamentariamente pintada amarillo pusieron una leyenda amenazando vida del presidente durante semana organizan festivales hasta altas horas noche donde alcohol mariguana moneda corriente llame comisaria dicen que pueden entrar niego usar para esto somos vecinos que trabajamos para bancar con impuestos esta facultad hay derechono sabemos adonde anoche fue descontrol ahora rompen botellas insisto dentro universidad patiolos sabado tenemos los ensayos una murga del ate entonces lunes viernes rezando para que festejen nada los sabados que podemos descansar murga hay derecho donde empiezan nuestros derechos ojala puedan orientarme decirme donde hago una denuncia que soluciones esto todavia quedan conductas epocas pasadas donde impunidad con que manejan agotan cansan tenemos pruebas todo expuesto cuando quiera ven vivo directo,reclamo,0
158,los esperamos,propuesta,1
157,soy discapaciada motor solicite que vuelva calle viamonte contenedor residuos que esbaba desde hace aos pasaron esquina que pasteur habiendo solo edificio pisos casi azscuenaga hay ademas estan marcas calle parece que vuestra respuesta muy desusbicada que habia ningun inconveniente los detallados por udssolicito una respuesta mayor brevedad que caso contrario habiendo pertenecido este gob cuidad aos como manejar cosas mail ljurbergfibertelcomar,reclamo,0
160,respeto por favor plazoleta yerbal fragata sarmiento deben darle espacio tan chico matan los vecinos,reclamo,0
161,hasta cuando los vecinos tenemos que soportar murga por favor estan repartiendo permisos zona que deberian estan plaza yerbal fragata sarmiento lugar reducido por favor respeto denles ligar amplio ese lugar hace eco todo barrio una plaza abierta todos los domingo hay que soportar esto estoy piso doce como los tuviera ldo,reclamo,0
162,hoy tenemos clases teatro cobramos por clase venite,propuesta,1
163,queria saber por que informes atiende durante todo dia telefono hay operador ese internoespere que van atender nunca atiende tampoco quiero numero telefono esta comuna que atienda para dar baja una eterna denuncia,reclamo,0
164,estimados disfrutas los espacios verdes derechos todos tenemos derechos tambien tenemos obligaciones ejemplo pagar los impuestos respetar los projimos cumplir norma etc horario plaza irlanda dia martes haciendo ejercicio quede encerrada que cerraron toda puertas dia ayer realice reclamo num donde indicaron que horario era correcto por favor respeten hagan cumplir horario que corresponde gracias,reclamo,0
165,lamentablemente crece mal muy rapido mundo cambio ombu crece muy lentamente hay que acompaarlo por muchas generaciones para lograr explendor similar del ejemplar que alberga jardin margarita ravioli vamos denunciar este atropello sin razon ante justicia este mismo lunes primera hora,reclamo,0
166,todos los dia clases manejo con doble comando total auto compacto como este clio clases una hora ofertas clases una hora clases una hora regalo nicolas tel amplio horario para quienes trabajan estudian dia habiles hasta fine semana regalomaterial didactico elemental para los que nunca manejaronmaterial completo con leyes transito argentina clases clases clases nicolas tel,propuesta,1
167,hoy encontramos con ombu del jardin margarita ravioli vallado una manera muy peligrosa con fierros oxidados asomando por todos lados desde direccion informaron que vallado era para ver que condiciones encontraba ombu para luego ver iban sacar mismo encuentra buenas condiciones tiene rama quebradas esperamos que trate otra poda injustificada arbol centenario como ocurrio con del parque rivadavia,reclamo,0
168,ombu del jardin margarita ravioli caballito esta enrejado nadie aviso comunidad enteramos con rejas colocadas pedimos informacion clara tiempo como corresponde teniendo cuenta necesidades historia comunidad que afectada,reclamo,0
167,hola tambien soy madre una nena que jardin margarita ravioli campichuelo estamos que preocupados por posible quita del centenario ombu simbolo nuestro jardin queremos saber por que vallaron ese modo tan peligroso para nuestros chico nuestro ombu como minimo deben informarnos que van hacer estamos que preocupados simple vista arbol esta optimas condiciones necesitamos informacion cierta,reclamo,0
170,hola por favor aniquilen ombu escuela margarita ravioli como hicieron con del parque rivadavia ademas una vergenza peligro para nix que asisten vallado que pusieron puerta,reclamo,0
171,dia hoy encontramos con ombu del jardin infantes comun prof marina margarita ravioli totalmente enrejado bien desconocemos motivo por que fue enrejado tememos por arbol que tiene aos siendo que recientemente fue aniquilado ombu parque rivadavia que queda frente jardinel jardin queda barrio caballito capital federal campichuelo adjuntamos fotosel vallado carece toda medida seguridad hay alambres fierros salientes oxidados verdadero peligro para los nios del jardin necesitamos respuesta urgente gracias,reclamo,0
172,hola soy una madre del jardin margarita ravioli hoy encontramos con nuestro simbolo nuestro ombu casi totalmente vallado por que,reclamo,0
173,hola aparecio vallado ombu del jardin margarita ravioli campichuelo vallado muy mal vallado con vallas oxidadas palos tutores agarrados con alambres alambres por todos lados sabemos por que con mucho temor que replique sucedido con otros arboles ciudad que preguntamos desde comunidad del jardin que quieren hacer con eso que hicieron hoy tienen alguna idea como fundamenta esa valla tan peligrosa jardin infantes con nias nios que van todos los dia respondera humano esta consulta ana,reclamo,0
174,por favor perdi perrita actualizacion vieron ayer domingo esquina rawson querandies almagro pase pero estame dijeron los vecinos que llevaron auto esa misma cuadrapor favor quiero recuperar estoy desesperada,consulta,2
175,hola buenos dia soy vecina del barrio caballito vivo pasaje jose antonio terry consorcio tenemos problema con vereda sucede que arbol que esta vereda esta obstruyendo pluvial que desagota calle como consecuencia esto hay departamento planta baja que inunda por favor necesitamos que alguien venga verificar esto que den una solucion ante posible imposible vivir con una amenaza inundacion constante siempre que llueve desde agradecemos ayuda,reclamo,0
176,walmart caballito meten baldes frezzer alimentos para juntar agua goteras cuando pasan inspectores por aca,reclamo,0
177,por favor hagan algo estamos sin luz doblas rosario caballito estamos sin luz desde ayer del medioda aun dan respuesta edesur,reclamo,0
177,pesima comuna tratan mal atienden ninguno los tres telefonos que esta cargo mamarracho,reclamo,0
180,espacio verde pero sin verde poda arbol historico parque rivadavia primero que cortan zona dan ecologicos cortan arboles son cuarta,reclamo,0
181,antigua casa crespo casa electricidad que esta rosario centenera uno los locale del mercado del progreso pueden ser chantas estafadores recomiendo que vayan ahi,reclamo,0
182,hola soy vecina caballito toda vida los ultimos aos veo que esquina martin gainza rivadavia esquina garcia lorca rivadavia direccion oesteeste muchisimos automovilistas giran izquierda siendo rivadavia ahi doble mano habiendo ningun semaforo para giro izquierda tambien muchos que giran plenum rivadavia cambiaron disposiciones viales llame tambien reclame muchisimas veces los policias ciudad que estan zona solo par veces policia transito por algunas horas podran colocar una camara reforzar control cometen infracciones gravisimas nadie hace nada ojala por intermedio uds pueda hacer algogracias slds,reclamo,0
184,taller teatroentrenamiento actoral antonin artaud jerzy grotowskidocente cristina armadainscripcin primer trimestre clasesinicio inscripcionlunes inicio cursadajueves marzo horarios cursada eleccinjueves hsjueves hsla inscripcion debe realizar oficina cursos talleres sexto piso del establecimiento sarmiento cabahorarios inscripcion atencion publico lunes viernes sabados,propuesta,1
185,taller teatro fermin espacio cultural todos los jueves cobramos por clase estamos culpina venite,propuesta,1
186,taller teatro fermin espacio cultural todos los jueves cobramos por clase estamos culpina venite,propuesta,1
187,hoy del bombero voluntario argentino,propuesta,1
188,desde enero ruido que estamos soportando los vecinos zona callao corrientes desmesurado obras que realizan solo hicieron caotica zona taladros maquinas grupos electrogenos industriales esto suma caos transito permanente cual origina una sinfonia del terror por los bocinazos intermitentes hablar ambulancias atascadas proceso planificacion sobre todo gentrificacion fue manos pueden tratar los vecinos esta manera los cambios avenida corrientes mejora nada calidad vida los vecinos todo contrario,reclamo,0
187,por parte brindo recuerdo para seora josefina arenaza que fue definitivamente junio ella preocupaba participaba siempre para esta comuna ante cgp con ella ana maria marti ines menendez ocupamos mucho los arbolitos haciamos equipo durante presidencia juntistas dracristina brunet era ejemplo como organizaba todo espero que dia comuna rinda merecido homenaje,propuesta,1
170,escribo para pedir alguien puede decir donde debo dirigirme para presentar una denuncia sobre tarea que realizan los revolvedores basura cordoba sucede que toda noches los vecinos cordoba tenemos vista basural frente puerta nuestras viviendas metro peatonal florida galeria pacifico que punto sealado guias turisticas ciudad ademas contaminacion insectos roedores que pululan por entre los restos bolsas residuos diseminados por vereda zona parada varias lineas transportes adjunto fotos para que vean que quiero denunciar pido colaboracion para que indique adonde debo dirigirme agradecido por atencion,reclamo,0
171,escribo para pedir alguien puede decir donde debo dirigirme para presentar una denuncia sobre tarea que realizan los revolvedores basura cordoba sucede que toda noches los vecinos cordoba tenemos vista basural frente puerta nuestras viviendas metro peatonal florida galeria pacifico que punto sealado guias turisticas ciudad ademas contaminacion insectos roedores que pululan por entre los restos bolsas residuos diseminados por vereda zona parada varias lineas transportes adjunto fotos para que vean que quiero denunciar pido colaboracion para que indique adonde debo dirigirme agradecido por atencion,reclamo,0
172,por dignidad nuestras familias pymes cooperativas vamos apoyemos este proyecto ley,propuesta,1
173,hace semanas hice una solicitud por internet reparacion luminaria apagada durante noche tambien hice refuerzo solicitud por internet refuerzo permiten hacer todavia nada han solucionado nada tampoco contactan conmigo por los mensajes que envio por facebook twitter semanas con luz calle sin funcionar tanto puede tardar para arreglar eso cuando consulto estado solicitud pagina del gobierno ciudad dice proceso cuanto voy tener que esperar hice pago del abl por todo por adelantado cumplo con pago exijo que ustedes cumplan con prestacion del servicio tiempo forma comuna buenos aire horacio rodriguez larreta diego santilli,reclamo,0
175,taller teatroentrenamiento actoral antonin artaud jerzy grotowskidocente cristina armadainscripcin primer trimestre clasesinicio inscripcionlunes inicio cursadajueves marzo horarios cursada eleccinjueves hsjueves hsla inscripcion debe realizar oficina cursos talleres sexto piso del establecimiento sarmiento cabahorarios inscripcion atencion publico lunes viernes sabados,propuesta,1
176,hace semanas que hice solicitud reparacion luminaria apagada durante noche todavia esta sin resolver por favor una solucion alguien puede dar una respuesta solucion pedido efectuado nadie contesta reclamos comuna buenos aire horacio rodriguez larreta diego santilli gobierno ciudad buenos aire,reclamo,0
177,asi esta san telmo,reclamo,0
178,hicieron mal hace par aos vinieron hacer nuevamente hace dia desde lunes nadie viene trabajar asi como tratan sur ciudad ante podium caminar ahora tampoco,reclamo,0
177,ministro eduardo macchiavelli usted tiene razon hay manteros calle defensa dia domingo denominacion usurpadores del espacio publico calle defensa san telmo casco historico ley tiene entre sus objetivos principales preservar fuentes trabajo que feria generan tambien persigue velar por debido uso del espacio publico evitando saturacion por instalacion grandes feria cuanto numero permisionarios puestos que afecten derecho del resto los vecinos goce ordenar asi todos los permisionarios forma tal que colapsen plaza parques callesque del detalle expuesto considerando que antecede advierte existencia circuito feria autorizadas dentro mismo barrio como sucede ninguna otra zona ciudadque ese orden idea ampliacion feria del calle defensa traeria consigo uso desmedido del espacio publico afectando tanto goce disfrute como tambien derecho circulacion todos los vecinos esta ciudadque regulacion del estado materia funcionamiento feria espacio publico debe procurar armonizar los derechos usar ese espacio con derecho trabajar los feriantes circular por parte del resto los particulares procurando equilibrio entre todos ellos dada importancia para sociedad conjuntoque por otro lado toda luce evidente que actividad ferial unico encanto turistico zona que tiene distintos atractivos que verian afectados por extensionque orden todo expuesto considera que prolongacion feria calle defensa por fuera los limites que van desde inclusive conllevaria una ocupacion excesiva calle cuestionafectando uso racional del espacio publico tanto aquella tiene autorizada tres feria hasta llegar numeracion,reclamo,0
200,taller teatroentrenamiento actoral antonin artaud jerzy grotowskidocente cristina armadainscripcin primer trimestre clasesinicio inscripcionlunes inicio cursadajueves marzo horarios cursada eleccinjueves hsjueves hsla inscripcion debe realizar oficina cursos talleres sexto piso del establecimiento sarmiento cabahorarios inscripcion atencion publico lunes viernes sabados,propuesta,1
201,hola acabamos crear grupo para los animales cada comuna con fin centralizar adopciones perdidos encontrados tratando focalizar los esfuerzos por zonaaca dejo link del grupo para comuna,propuesta,1
202,puerto madero descuido totalllllllcon abl que pagamosno pueden contratar alguien que corte pasto,reclamo,0
203,puerto madero descuido totalllllllcon abl que pagamosno pueden contratar alguien que corte pasto,reclamo,0
204,pueden contratar alguien que corte pasto,reclamo,0
205,buenas tardes dia diciembre ocurrio accidente entre auto una moto calle independencia san jose estamos buscando testigos que hayan presenciado choque iba auto con hija aos estado emergencia con pauelo blanco por ventanilla tocando bocina quien pueda ayudar voy agradecer infinitamente muchas gracias,consulta,2
206,omos muchos los corremos pza vuelta obligado pichincha garay brasil por otros pques del barrioen ninguno hay bebedero funcionandoentiendo vandalismo tiene poco culpapero seria bueno invertir ello para beneficios todos gracias,reclamo,0
207,verdad que desastre atencion recepcionista mucho que desear deja atencion,reclamo,0
208,holahace realice varias denuncias sobre estado veredas comuna especificamente sobre cordoba para abajopero nada avanzo nada arreglo caminar por zona cada vez dificilpor favor podran ayudar que reparenles paso algunas solicitude fotos para que vean que hablon solicitud solicitud local havanna cordoba desastren solicitud,reclamo,0
207,comuna colegiales dorrego lacroze alvarez thomas cramer zona liberadatodos los dia una entradera casas departamentos violacion menores debieran hacer algo respecto,reclamo,0
210,otra muestra los arboles calle migueletespor este motivo pido poda muchas gracias,reclamo,0
211,por favor reitero pedido poda los arboles calle migueletes desde pampa hasta monroe muchas gracias,reclamo,0
212,asi hay que vivir con barro despues lluvia queda barro por semanas vienen limpiar vereda plaza garicoits tiran barro calle,reclamo,0
213,esto sucedio hoy escuela num del distrito nivel inicial primaria septiembre juana azurduy nuez hay una orden del gobierno ciudad dictar clases maana martes mayo cual altamente riesgoso para seguridad nios maestro,reclamo,0
214,para votar,propuesta,1
215,hoy seguimos pidiendo justicia por abril solicitamos seguridad permanente zona del puente que los policias merodeen toda zona donde hay escuelas virgen del valle leon xiii virgen del pilar santo tomas aquino escuela nro toda escuelas nro polideportivo plaza mafalda centro jubilados puente ciudad paz luminarias semaforos sealizacion mantenimiento periodico debajo los puentes iluminacion led ambo lados del puente den destino util sector que esta abajo del puente para evitar que metan extraos tema cmaras vigilancia matenimiento periodico camaras del tunel lacroze cramer tienen lentes pintadas con aerosol blanco esperamos respuestaspatricia montenegro,reclamo,0
216,los vecinos comuna sentimos produndo dolor mucha bronca por violacion una chica aos puente jorge newvery barrio colegiales dao esa nena irreparable ojala que tambien sea castigo por vida esa bestia,reclamo,0
217,monroe esquina cabildo viven calle persona olor restos comida nada pueden hacer dicen que llame espacio publico atienden,reclamo,0
218,solicito que fijen pagina facebook cablevision lean quejas los usuarios estan robando cara,reclamo,0
217,cartel cabildo juramento genus mucha contaminacion luminica video puede ver como ilumina ese solo cartel cielo por definitiva barrio apagamos luce del departamento ilumina casa por favor saquenlo porque necesario puede generar accidentes transito tambien gasto energia innecesario donde puede denunciar que hace mucho tiempo estamos viviendo con este cartel iluminandonos,reclamo,0
220,mentirosa verguenza inauguran una plaza pero abren solo hace para afuera los obreros demoran terminacion los vecinos seguimos esperando verguenza plazanoruega,reclamo,0
223,mande inbox comuna buenos aire,reclamo,0
224,taller teatroentrenamiento actoral antonin artaud jerzy grotowskidocente cristina armadainscripcin primer trimestre clasesinicio inscripcionlunes inicio cursadajueves marzo horarios cursada eleccinjueves hsjueves hsla inscripcion debe realizar oficina cursos talleres sexto piso del establecimiento sarmiento cabahorarios inscripcion atencion publico lunes viernes sabados,propuesta,1
225,mande inbox comuna buenos aire,reclamo,0
226,existe algun cronograma para vacunacion perros gatos plaza comuna,consulta,2
227,calle juana azurduy barrio nuez desde viernes que recolecta basura que contenedor encuentra sobre vereda imposible camion poder vaciarlo tambien hay auto que estan ocupando espacio del contenedor eso impide que pueda mover lugar nuevamente olor asqueroso todos los vecinos estan comenzando tirar basura calle que este encuentra repleto hice reclamo veces llamando numero solicitude hice denuncias por los vehiculos mal estacionados por favor envien una solucion rapida porque demasiado anti higienico para todos sobretodo para los chico que asisten colegio que encuentra sobre esta cuadra desde muchas gracias,reclamo,0
228,estimados son nacida criada esta comuna que quiero tanto pero como otros tantos vecinos seguimos sin seguridad necesaria suficiente anoche juramento vta obligado mientras esperaba colectivo con calle llena gente fui victima hurto como costumbre hay que agradecer que sufr ningun dao fisico pero inconcebible que haya policia tal centro neuralgico cuando sabido que zona barrancas hacia donde van seguridad por algo que hay demasiado por seguir trabajando,reclamo,0
227,taller teatroentrenamiento actoral antonin artaud jerzy grotowskidocente cristina armadainscripcin primer trimestre clasesinicio inscripcionlunes inicio cursadajueves marzo horarios cursada eleccinjueves hsjueves hsla inscripcion debe realizar oficina cursos talleres sexto piso del establecimiento sarmiento cabahorarios inscripcion atencion publico lunes viernes sabados,propuesta,1
230,fotos perros sueltos plaza juan jose paso canil siempre vacio por favor tomar medidas,reclamo,0
231,estimados plaza juan jose paso sobre calle moldes llena perros sueltos toda hora absolutamente nadie usa canil cual esta vacio todo dia voy plaza por maana por tarde todos los dia puede estar cantidad perros hablar para los chico que van los juegos familias que hacen picnic por favor pido tomen alguna medida urgente,reclamo,0
232,por favor podrian decir donde realizar curso rcp caba,consulta,2
233,dia buscando pepper,consulta,2
234,busco mascota,consulta,2
235,igual modo tampoco funciona,reclamo,0
236,hola hay una esquina dificilisima cruzar veces podemos pasar cinco minutos sin cruzar irigoyen camarones necesita semaforo urgente ademas pasa colectivo por ahi gracias,reclamo,0
237,sres representantes comuna acabo pasar por una situacion aberrante hoy cerca tocaron timbre domicilio gente con cascos amarillo ropa trabajome hablaron reparar vereda rota por los distintos trabajos que hubo sea edesur metrogasen caso misma estaba hundida centro que utilizaron momento como deposito escombros excesiva cantidad como sabia del plan que esta ejecutando llamado plan integral veredas accedi pensando que trataba enseguida pidieron peso cosa que dije que iba ver disponia algo pensando que era una avivada para hacerse los obreros unos peso empiezan levantar baldosas rota rato tocan timbre mostrandome que vereda estaba hundida porque cao desague estaba roto que habia que cambiarlo que reparacion corria por cuenta empezaron hacer sumas restas pidieron peso que quede mirando dije que iba hablar con alguien respecto desde disponia esa sumani pensaba pagarles desconocidos por algo asi llame pariente arquitecto para consultarle mismo hablo con celular con que funcionaba como capataz los cuatro cao mostraron roto pero desconozco estaba cuando golpearon por baldosasles dije que que iba hablar con gobierno ciudad cosa que hice trave del atendiendome joven nombre nicolas que dio numero reclamo explico que tema rotura caos desague estaba dentro del plan integral veredas rato vuelven tocar timbre vienen con materiales par caos blancos piden balde agua agua para tomar ellos empiezan cambiar cao uno dice que logr bajarme precio peso estaba lloviendo nuevamente sent absolutamente amedrentada con temor que inundara casa poder desagotar plantas que cao quedaba obstruido dije que hoy podium dar que tenia que maana iba conseguir resto hicieron trabajo desde pude evaluarlo observarlopusieron caos plasticos taparon con material dejando una madera modo puentecito salir mirarel que funcionaba capataz pidio podium entrar casa cosa que accedi sali con peso que dinero que teniaesto que pactamos dijo conteste que pacte nada pregunte empresa pertenecan neg contestarme dije que trabajo estaba terminado que estaba dando dinero que tenia casa pusieron violentos diciendome que iban romper todo amenazandome entre rapido domicilio llame quiero que comuna diga cules son empresas contratadas para reparacin veredas para denunciar los individuos tengo fotos audio hay total descontrol esta gente por parte del gobierno ciudad hare correspondiente denuncia fiscalia turno,reclamo,0
238,hola necesito reubicar tacho basura comuniqu recibo email comunicndome que puede moversesin embargo obstruye vista cuando saco auto del garage,reclamo,0
237,buendia vecinos calle barragan estan asfaltando tapando los adoquines que estaban perfecto estado poniendo asfalto mal terminado con bordes hacia cordon metro algunos lados siquiera tuvieron precaucion levantar algun vehiculo dejaron espacio sin asfaltar pregunto cual objetivo asfaltar donde hace falta promover aumento velocidad ademas realizar asfalto muy mala calidad,reclamo,0
240,este sabado los esperamos mariano acosta pea del bachillerato del barrio floresta entrada libre los esperamos,propuesta,1
241,buenas tardes hoy amaneci con frente casa nuevamente pintado quisiera saber podran enviarme como han echo cuadrilla pintar blanco todo eso que han escrito quieren por privado paso direccion casa desde muchas gracias,reclamo,0
242,quien corresponda quisiera saber por que razon los barrenderos que trabajan cuadra calle sanabria barren vacian basura los canastos papeleros sobre todo esono barren pasan caminando vez cuando hablando por telefono paseando los tachos sus carros numero reclamo nadie los controla,reclamo,0
243,difundir barrio floresta mariano acosta,propuesta,1
245,alguna autoridad esta comuna puede responder porque mutilaron asi este arbol plaza los restos que ven esparcidos por suelo son solidos circula sabia porque destruyen los arboles asi esta prohibido violan ley cautelar vigente seran denunciados ante ministerio fiscal,reclamo,0
246,sigo otra publicacion porque encuentro original asi esta area para los chiquitos desde diciembre sin tobogan sin hamacas una escalera nada,reclamo,0
247,cuando van reabrir zona juegos plaza ciudad banff arregui rom ante tenia unos juegos madera preciosos los quitaron pusieron tres juegos reciclados otra plaza esos caos para trepar que son muy poco utilizados aun repararon tobogan lleva desde diciembre roto lleva casi cerrada por accidente que tuvo una nia con calesita hay escuelas primarias jardin vereda enfrente todos esos nios merecen lugar esparcimiento,reclamo,0
248,concurro centro salud funciona solo sanitario publico hay jabon alcohol gel para higienizarse manos,reclamo,0
247,buen dia hace instantes hice comentario por privado pero entiendo que este tema orden publico atae comunidad tanto orden como seguridad todos los domingo celebra feria mataderos lamentablemente que deberia ser una fiesta muchas veces caos mile persona que concurren este envento deberian contar con mejor espacio contencion permitiendo circulacion vehiculos por avenida lisandro torre entre tandil avenida directorio creando corredor peatonal para acceso del publico visitante sin tener que cuidarse los auto mencionar los inconvenientes disputas que dan fecha fecha con los conocidos trapitos comisaria que encuentra medio feria muchas veces dispone del cierre estas arteria mejorando acceso los peatones pero otras veces deja todo libre albedrio con lasya mencionadas consecuencias este tema puede establecer como pauta general normal como realiza tantos ambitos encuentros disponer muchos recursos son patrulleros dispuestos uno sobre calle tandil otro sobre lisandro torre con cruce directorio puede permitir acceso para carga descarga los feriantes cosa que hacen horas madrugada pero evitar acceso auto partir cierta hora reitero pedido esto mejoraria calidad del evento evitaria desagradables situaciones donde tiene que termiar interviniendo policia gracias,reclamo,0
250,por favor necesitamos que alguien ocupe combatir falta respeto falta norma convivencia que sufre barrio con gente que pone musica todo dar hasta altas horas noche torre bragado timoteo gordillo convierten departamento boliche inaguantable gente vaga irrespetuosa por favor,reclamo,0
251,estimado horacio quiero agradecerle por acercamiento comuna por escuchar nuestra necesidades por sus respuestas concretas serias como dicho personalmente veo los cambios son real pido que resuelva problema del transito abuso que hacen muchas persona estacionan veredas lineas peatonales delante rampas ante lamentaban que habia rampas por ultimo general paz toda caba ambas partes parese patio del fondo lado provincia pero que pertenece,reclamo,0
252,ayudas apoyar esta propuesta compartirla muro estamos corriendo atras vamos por corre por comunahasta mayo hay tiempoapoya esta propuesta,propuesta,1
253,buenos dia hace semanas que hay barrendero laguna hice reclamo semana pasada respondieron que habian solucionado fue asiayer hice segundo reclamo hojas siguen acumulandose calle,reclamo,0
254,consulto cuando van reponer toda seales paradas colectivo que sacaron hace sobre alberdi creando desconcierto entre todos los pasajeros que desconocen donde esperarlo tambien sacaron refugioparada que estaba vereda del banco ciudad larrazabal alberdi quien responsable tanta inoperancia,reclamo,0
255,vienen arreglar vereda despues aos pero van dejar unos pozos sin reparar numero referencia ultima que primera viene marzo del cual razon hacer retazos reparacion sobre una vereda destruida donde dejan pozo significativo sin solucionar este plan reparacion estamos todos fritos apelo cordura sentido comun comuna vez reparar vereda pareciera que toma una revancha sobre vecino insistente mandandole cualquier cosa menos una solucion racional pesar del seguimiento eduardo maquiavelli sobre tema nada concreto serio pasado fecha,reclamo,0
256,buenas tardes soy una vecina del barrio manuel dorrego conocido por muchos como los perales lamentablemente desde dia lunes estamos sin agua casi todo barrio debido quema los motores que bombean agua tanque central necesitamos una pronta solucion que cada dia que pasa alargan los tiempos cual volver suministro agua los pisos superiorespor favor necesitamos ayuda una solucion hay muchos vecinos mayores familias con nios pequeos como puede estar subiendo constantemente baldes agua para minimamente poder descargar bao,reclamo,0
257,vuelvo reclamar por arbol que hay vereda ahuecado peligrosamente ahuecado quizas iniciar semana contesten tengo expediente desde expidieron pasado favor extraerlo pasa tiemporepito quizas iniciar semana contesten,reclamo,0
258,por iniciativa del legislador cingolani legislatura ciudad autonoma buenos aire rinde homenaje martin luther king patrono del cecie,propuesta,1
257,semana pasada mencione problema del arbol puerta casa con expediente contestaron,reclamo,0
261,sres funcionarios ante inminente destruccion este hermoso sano arbolito que lleva anuncio puesto por udscalle corvalan recuerdo que esta vigente medida cautelar que deben desistir toda accion poda denuncia fue realizada ministerio fiscal ciudadles copio resolucion recuerdo que deben respetar ley quieren gobernar con justiciaordenar gobierno ciudad autonoma buenos aire que arbitre medidas correspondientes para materializar inmediata suspension cualquier actividad poda tala del arbolado publico existente ciudad que cumpla con dispuesto por los articulos ley siempre que mediaran situaciones excepcionales que admitan demora que configurarse deberan ser individualizadas debidamente fundadas puestas conocimiento del tribunal ello previa caucion juratoria que debera prestar sra claudia hera ante estos estradosregistrese notifiquese parte actora por secretaria con caracter urgente una vez prestada caucion juratoria ordenada notifiquese demandada por cedula junto con traslado demanda dispuesto dia fecha cuya confeccion queda cargo parte actora guillermo martn schleiber juez,reclamo,0
262,hola comuna buenos aire estan inundando vuelta esquina esquina donde estan uds calle bacacay gualeguaychu venancio flores desde segurola hasta goya esta cediendo adoquinado imposible pasar con auto podras chequear tema hace una semana que esta desbordando agua limpia sin parar desde obra del soterramiento del sarmiento aguardo comentarios soluciones estamos abogando por ecologia cuantos litros desperdician nadie hace nada,reclamo,0
263,taller teatroentrenamiento actoral antonin artaud jerzy grotowskidocente cristina armadainscripcin primer trimestre clasesinicio inscripcionlunes inicio cursadajueves marzo horarios cursada eleccinjueves hsjueves hsla inscripcion debe realizar oficina cursos talleres sexto piso del establecimiento sarmiento cabahorarios inscripcion atencion publico lunes viernes sabados,propuesta,1
264,buenos diashubo tres choques una semana cruce calles lisandro torre ulrico schmidl historicamente fue muy peligroso siempre hay choques espero que tenga que haber muerto para que haga algo respecto los vecinos pedimos urgentemente gobierno ciudad instalacion semaforodejo numero reclamo aca dejo foto del choque anoche que por suerte paso mayoresmuchas gracias,reclamo,0
265,hola los vecinos plaza domingo olivera seguimos espera iluminacion colocacion tapa faltante sobre vereda supongo algun servicio publico con riesgo que alguien lesione reclamo por inocrrectamente implementada rampa dado que acumula agua luego lluvia sin conexion boca pluvial reclamos todos realizados comienzos enero corriente reiteradas veces por diversas vias hemos hecho los reclamos toda luce alguien esta haciendo trabajo siquiera responden los mencionados reclamos aunque sea para saber que acusaron recibo cuando estima resolucion algun miembro junta comunal podra darnos respuesta estos reclamos entiendo funicon parte responsabilidad justamente esta siendo una labor remunerada por los ciudadanos muchas gracias,reclamo,0
266,consulto quien fue idea sacar todos los postes paradas colectivo sobre juan alberdi hace seis causando confusion gente que puede ubicar donde esperar mismo idea era reemplazar vieja sealizacion quedaron mitad camino una vez maspido urgente solucion este tema tienen derecho dejar los vecinos abandonados por inoperancia que los caracteriza,reclamo,0
267,cirujas viviendo tapalque abajo atopista jose enrique rodo abajo autopista,reclamo,0
268,taller teatroentrenamiento actoral antonin artaud jerzy grotowskidocente cristina armadainscripcin primer trimestre clasesinicio inscripcionlunes inicio cursadajueves marzo horarios cursada eleccinjueves hsjueves hsla inscripcion debe realizar oficina cursos talleres sexto piso del establecimiento sarmiento cabahorarios inscripcion atencion publico lunes viernes sabados,propuesta,1
267,ese pequeo grupo ocasiono disturbios toda noche juan alberdi albario nadie pudo resolverlo,reclamo,0
270,interesara saber cuando autoridades comuna van dignar remodelar reciclar ocupar como quieran llamarlo plaza sargento cabral que tienen tan abandonada pasaron hace par pintar los bancos estan deteriorados los tachos estan quemadoses posible que crean que slo con eso plaza est condicionesdisculpen pero compartohace aos que reponen piedritas cubrian todo puro polvodeberan cerrarla reciclarla como han hecho con toda plaza zonalas barrio nan principalmenteyo pago impuestos igual que los vecinos all asi que estamos igualesme gustara comentario alguna autoridad respectogcs,reclamo,0
271,siempre cierra por motivo distinto pero por imposibilidad tecnica mato vivis microcentro zona norte caba cosas reciclan medias arreglaron plaza pero hicieron veredas mantienen,reclamo,0
272,buenas tardes queria comentarles que plaza calle larrazabal quedo muy linda pero caminito que hicieron ladrillos puerta central que sale por calle caaguazu esta desarmando debido que hicieron cordon contencion seria bueno repararlo brevedad para que siga rompiendo gracias,reclamo,0
273,justicia fall contra gobierno ciudad por una obra lugano comunero facundo rom los vecinos villa lugano una asociacion abogados presentaron amparo para preservacion del parque victoriasel comunero unidad ciudadana comuna facundo rom conjunto con vecinos villa lugano patrocinio legal asociacion abogados nace derecho interpusieron amparo para preservacion del parque victoria que esta ubicado avenidas larrazabal fernandez cruz general francisco coronel roca barrio villa lugano informa portal revista queconsideran que una obra clandestina llevada cabo por gobierno ciudad proceso judicial que tramita juzgado secretaria del fuero contencioso administrativo local cargo del juez especialista derecho ambiental marcelo lopez alfonsin derivo otorgamiento una medida cautelar solicitada por parte actora que ordeno suspender manera provisoria obras encaradas por gobierno porteo hasta tanto resuelva fondo cuestionsegun explico rom revista que causa presentacion fueron varias entre ellas nombro falta adecuacion del procedimiento administrativo correcto falta planeamiento previo nulo analisis impacto ambiental falta participacion actores institucionales tale como legislatura local junta comunal conjunto vecinos general ahora gobierno tiene opcion apelar instancia superior pero toda formas debera suspender cualquier tipo obra plazo diasla preservacion del derecho ambiente sano equilibrado encuentra tutelado tanto constitucion nacional como ciudad buenos aire siendo que incumplimiento una opcion para los ciudadanos menos para estadofuente nueva ciudad,reclamo,0
274,buenos dia puede decir buenos dia maana pasa una moto con zoretes por francisco pizarro cuando dieron vueltapara volver hacia nosotros hice cruzar hijo por mitad via venian robar nosotros hice correr hijo para tomar quede esperando pase patrullero para avisar habian persona buscando una victima maldito patrullero horario entran chico escuelas uno paso pero estosratas seguian dando vueltas por san pedrito venia una seora toda maanas trabajar seores ratas sacaron arma sacaron cartera los tirones vergenza donde estan los tienen que cuidarnos cuidar los chico van colegio los que van trabajar mierdas solo rodean mierdas con toda bronca casi toca hijo milo compartide una vecina verguenza soldati,reclamo,0
275,vengan barrio copello que hay que hacer canse reclamar podan arreglan luce vergenza dan,reclamo,0
276,divulgar por favorhace frio hay muchisima gente situacion calle con dificultades economicas direcciones buenos aire comedor comunitario para almorzar parroquia ntra sra caacupeav rivadavia caballitotelefono todos los dia horas comedor comunitario para cenar parroquia san carlosdon bosco quintino bocayuva almagrotelefono todos los dia horas desayuno amuerzo merienda iglesia metodistaavenida rivadavia almagrotodos los lunes horastambien brinda persona posibilidad ducharse caritas parroquia ntra sra del valleav cordoba entre sanchez bustamante billinghurst viandas lunes viernes entregan por entrada que esta sobre bustamante duchas para mama sus nios viernes hay paradores para alojar gente situacin calle que por ola fro estarn abiertos horasa paradores hombresb mujeresc para madres con chico paradores nocturnos objetivobrindar con caracter inmediato emergencia servicio pernocte durante noche comida atencion profesional social psicologica medica beneficiarioshombres solo mayores edad mujeres mayores edad con sin hijos menores que encuentren situacion calle sin recursos que requieran solucion provisoria con caracter emergencia telefonos lugar contacto parador retiro para hombre gendarmeria nacional tel horario del dia siguiente durante los dia del parador beppo ghezzi para hombresmasantonio tel horario del dia siguiente durante los dia del parador azucena villaflor para mujeres solas con hijos menores edadpiedras tel horario del dia siguiente durante los dia del,reclamo,0
277,fernandez cruz martinez castro han colocado canasto basura hace una semana agradecemos tener posibilidad poder arrojar basura algun lado pero obstaculiza carril los apenas que quedan avenida despues creacion del metrobus estorba transito obstruye visibilidad para los que cruzan aumenta riesgo accidentes canasto llego muy mal estado desde que instalaron solo genus suciedad que limpiada recolectada por nadie creo que merecemos algo mejorsolicitamos por favor muden canasto calle martinez castro limpien cuadramuchas gracias,reclamo,0
278,buenos diasle quiero preguntar comuna porque quieren poner quema villa soldati aos costo que sacaran del barrio informo esto trae problemas los bronquios pulmones problemas alergia ratas moscas etc queremos saber los vecinos porque capital sobre todo nuestro barrio quieren traer basura,reclamo,0
277,quien responsable comuna informacion aparece nombre muchos somos los que queremos saber quien para presentarle directamente nuestros reclamos por ocuparse soldati,reclamo,0
280,buenas tardes dia hicieron vereda nueva cuando finalizaron rompieron taparon caja llave agua que entra casa llame aysa vinieron vez solucionar problema rompieron cao fluvial del desague quedaron colocar cao nuevo caja llave agua tengo varios reclamos aysa ente regulador desde entonces sin solucion adjunto una foto,reclamo,0
281,dirijo comuna con motivo limpieza desagote cloaca ubicada pergamino cruz llame varias veces mandan ninguna cuadrilla desagotar misma estoy reclamando desde dia mayo por ese motivo tambien tengo cloaca casa tapada tengo varios reclamos telefonicos sin ninguna solucion hoy mismo estoy esperando que vengan desagotar casa envio fotos video,reclamo,0
282,hace dia que pasan retirar basura los container villa lugano que esperanlas ratasel olor llas cucarachas son imposiblespiedrabuena,reclamo,0
283,villa lugano villa basura hace una semana que hay recoleccion residuos zona villa lugano hicieron reclamos via comuna solicitud mando mensajes privados fotos nada llamaremos los medios para ver hacen algo estos contenedores saque foto maana desde piedrabuena barros pazos barros pazos entre piedrabuena guamini guamini entre barros pazos chilavert chilavert desde guamini general paz,reclamo,0
284,hoypedro garcia asi estan mayoria del barrio saviosin palabras,reclamo,0
285,tienen ratito libre despues del mate pegan una vuelta por barros paso asta bola agua,reclamo,0
286,por favor necesito informacion veraz sobre planta incineracion residuos que supuestamente van instalar nuestro barrio que sabe respecto,reclamo,0
287,aprobo ley para incinerar basura ciudad uno los puntos quema serum nuestra comun dice que detras parque sur esto significaria contaminacion aire para toda zona cercana que pasa con esto,reclamo,0
288,aprobaron quema basura comuna,reclamo,0
287,para cuando arreglo,reclamo,0
270,llego una multa por circular por hora lugar donde mxima roca avenida central lugano son mango voy pagarlos por que que corresponde dado que comet infraccin ahora preguntomanga hijos mil putas pusieron esa velocidad por que interno linea llevo puesto pibe pusieron teletubies que rascan los huevos cmico que esta metrobus los bondis pasan velocidad que canta orto sea los automovilistas podemos pisar alguien los colectivos rotonda escalada castaares dejan estacionados camiones acoplados sobre rotanda entonces pelotudo automovilista tiene que entrar con ojos por que estos hijos puta chupa huevo haces mierda mientras ellos dejan estacionados los camiones acoplados comuna vyanse recalcada concha madre dejen recaudar para corona giles que encima los forrean,reclamo,0
271,buen dia barrio copello tenemos todos los juegos los chico rotos falta del luminarias por favor pueden informar para cuando tienen proyectado solucionar esto muchas gracias,reclamo,0
273,taller teatroentrenamiento actoral antonin artaud jerzy grotowskidocente cristina armadainscripcin primer trimestre clasesinicio inscripcionlunes inicio cursadajueves marzo horarios cursada eleccinjueves hsjueves hsla inscripcion debe realizar oficina cursos talleres sexto piso del establecimiento sarmiento cabahorarios inscripcion atencion publico lunes viernes sabados,propuesta,1
274,huerta casacanasta familiar frutas verduras frescas domicilioelegi combo que convengatomamos pedidos hasta hoy nocheno dude consultarnos envos sin cargo,propuesta,1
275,buscas trabajo medellinconductor sector caicedose requiere conductor con pase para manejar mazda coupe puertas barrio caicedo sector tres esquinasel dueo del vehiculo vendedor tat sabe conducir funcion principal del conductor transportar dueo del mazda los diferentes sectores antioquia para surtir tiendas ayudarle pegar publicidad del producto afuera tienda para que gente entere del producto que vendesalario dia laborado dia pagado dia labora todo horario lunes sabado hasta alimentacion brinda almuerzo restaurante brinda gaseosa tiene sed horas tardeno paga prestaciones socialesdebe vivir por sectores cercanos barrio caicedo salvador enciso villatina alejandro echavarria los cerros contacto llamar horas noche,propuesta,1
276,mayor consideracion dirijo uds efectos informar sobre estado los contenedores basura que rodean barrio mascias primer lugar son muy pocos relacion cantidad viviendas del barrio ademas encuentran estado deplorable destrozo abandono dar abasto por escasa cantidad los vecinos ven necesidad depositar basura vereda eso suma espaciada visita los camiones recolectores sumado los cartoneros que revuelven basura resultado una suciedad nauseabundos olores que bien supongo podrian solucionarse pretendo que coloquen contenedores modernos como hay los barrio recoleta otros pero esto tampoco sano justo agradezco sinceramente pudiera tomar alguna medida para paliar este problema saludo uds attejuan manuel oteroav cruz grupo escalera juanmoterousaleduar,reclamo,0
